Index,date,ticker,open,high,low,close,volume,afterHours,preMarket
0,2023-01-03,WMT,142.55,143.71,142.09,143.6,5749895.0,143.6,142.04
1,2023-02-01,WMT,143.66,145.61,142.7,144.67,4283059.0,144.55,143.05
2,2023-03-01,WMT,141.06,141.28,139.3701,140.15,4726732.0,140.02,142.16
3,2023-04-03,WMT,147.73,148.95,147.5,148.69,6588882.0,148.57,147.44
4,2023-05-01,WMT,151.04,152.54,150.93,151.59,3803383.0,151.59,150.99
5,2023-06-01,WMT,146.21,147.9,145.94,147.41,6746393.0,147.43,147.48
6,2023-07-03,WMT,156.81,158.44,156.33,158.2,2882483.0,158.2,157.28
7,2023-08-01,WMT,159.95,160.45,158.96,159.11,3927845.0,158.78,160.0
8,2023-09-01,WMT,162.87,162.96,160.15,161.57,4184456.0,161.69,162.8
9,2023-10-02,WMT,159.49,160.27,158.31,160.1,4330947.0,160.1,160.4
10,2023-11-01,WMT,164.21,165.38,162.98,164.87,4966463.0,165.25,163.25
11,2023-12-01,WMT,155.38,155.61,152.63,154.34,13091223.0,154.33,155.87
12,2023-01-03,AMZN,85.46,86.96,84.205,85.82,76706040.0,85.95,85.01
13,2023-02-01,AMZN,102.53,106.24,101.24,105.15,80450121.0,108.9,102.76
14,2023-03-01,AMZN,93.87,94.68,91.59,92.17,52299524.0,92.06,94.65
15,2023-04-03,AMZN,102.3,103.29,101.43,102.41,41135733.0,102.35,102.0
16,2023-05-01,AMZN,104.95,105.23,101.82,102.05,74659196.0,101.1,108.0
17,2023-06-01,AMZN,120.69,123.49,119.93,122.77,54375131.0,123.05,120.58
18,2023-07-03,AMZN,130.82,131.85,130.065,130.22,28264785.0,130.42,130.11
19,2023-08-01,AMZN,133.55,133.69,131.6199,131.69,42250989.0,131.26,133.57
20,2023-09-01,AMZN,139.455,139.96,136.875,138.12,40986536.0,137.75,138.47
21,2023-10-02,AMZN,127.28,130.47,126.54,129.46,48029744.0,129.55,128.26
22,2023-11-01,AMZN,133.96,137.35,133.71,137.0,61529409.0,137.19,132.75
23,2023-12-01,AMZN,146.0,147.245,145.55,147.03,39949248.0,147.1,146.21
24,2023-01-03,XOM,109.78,110.02,105.49,106.51,15146168.0,106.81,110.96
25,2023-02-01,XOM,115.83,117.38,113.34,114.74,19460373.0,115.01,116.02
26,2023-03-01,XOM,109.31,111.86,109.24,110.89,13199955.0,110.89,110.25
27,2023-04-03,XOM,113.39,116.85,113.12,116.13,28087681.0,116.2,113.49
28,2023-05-01,XOM,115.99,117.3,114.45,114.67,17354987.0,114.58,117.3
29,2023-06-01,XOM,101.75,105.58,101.26,103.36,13551936.0,103.37,102.5
30,2023-07-03,XOM,107.49,108.46,107.07,107.46,7396992.0,107.31,106.77
31,2023-08-01,XOM,106.95,107.32,105.53,106.62,14212939.0,107.04,106.91
32,2023-09-01,XOM,112.2,113.82,112.2,113.52,14843482.0,113.78,111.68
33,2023-10-02,XOM,117.53,117.79,114.55,115.63,14394999.0,115.49,117.81
34,2023-11-01,XOM,106.53,107.165,105.46,105.64,28984865.0,105.7001,106.1
35,2023-12-01,XOM,102.5,104.22,102.22,102.99,17845276.0,103.09,102.7
36,2023-01-03,AAPL,130.28,130.9,124.17,125.07,112117471.0,125.0,130.28
37,2023-02-01,AAPL,143.97,146.61,141.32,145.43,77663426.0,146.07,144.29
38,2023-03-01,AAPL,146.83,147.2285,145.01,145.31,55478991.0,145.12,147.66
39,2023-04-03,AAPL,164.27,166.29,164.22,166.17,56976187.0,166.02,164.47
40,2023-05-01,AAPL,169.28,170.45,168.64,169.59,52424936.0,169.4,168.4
41,2023-06-01,AAPL,177.7,180.12,176.9306,180.09,68901712.0,180.49,177.8
42,2023-07-03,AAPL,193.78,193.88,191.76,192.46,31458198.0,192.45,193.99
43,2023-08-01,AAPL,196.235,196.73,195.28,195.605,35281426.0,195.3,196.35
44,2023-09-01,AAPL,189.485,189.92,188.28,189.46,45393903.0,189.2999,188.32
45,2023-10-02,AAPL,171.22,174.3,170.93,173.75,52156935.0,173.82,172.7
46,2023-11-01,AAPL,171.0,174.23,170.12,173.97,56934906.0,174.75,170.6
47,2023-12-01,AAPL,190.33,191.56,189.23,191.24,45676673.0,191.33,189.98
48,2023-01-03,UNH,525.13,525.63,512.1601,518.64,3525627.0,518.1501,531.15
49,2023-02-01,UNH,499.95,504.38,495.67,497.0,3451202.0,492.0,499.95
50,2023-03-01,UNH,473.61,478.405,472.0,475.22,2996913.0,474.7,475.95
51,2023-04-03,UNH,485.2,496.13,483.4901,494.19,4729089.0,494.21,485.52
52,2023-05-01,UNH,494.59,499.385,491.8091,495.7,2105592.0,496.69,494.59
53,2023-06-01,UNH,487.79,498.78,486.11,493.63,3376556.0,493.12,487.24
54,2023-07-03,UNH,478.1,480.21,476.3,477.88,1915740.0,477.89,480.0
55,2023-08-01,UNH,507.5,510.04,502.49,504.74,2161660.0,504.74,504.21
56,2023-09-01,UNH,479.0,480.65,473.36,476.24,3165860.0,476.5,478.75
57,2023-10-02,UNH,505.53,514.84,503.135,514.57,3550376.0,514.6,502.7
58,2023-11-01,UNH,529.98,535.83,526.8,531.6,2747517.0,531.6,532.0
59,2023-12-01,UNH,550.42,554.7,545.16,547.16,3462153.0,547.5,553.0
60,2023-01-03,CVS,91.72,93.05,91.04,92.91,6527024.0,92.91,92.75
61,2023-02-01,CVS,88.01,88.18,86.68,87.49,7210332.0,87.0,88.0
62,2023-03-01,CVS,82.9,83.26,81.975,82.47,7236056.0,82.55,84.0
63,2023-04-03,CVS,75.03,76.58,74.75,76.09,9742225.0,76.09,75.29
64,2023-05-01,CVS,73.59,74.07,72.84,73.89,5965038.0,73.71,73.45
65,2023-06-01,CVS,68.34,69.77,68.05,68.88,8319713.0,69.08,68.46
66,2023-07-03,CVS,69.12,70.275,68.88,69.77,3489860.0,69.83,69.13
67,2023-08-01,CVS,74.76,75.14,73.61,73.95,9025236.0,74.35,74.0
68,2023-09-01,CVS,65.4,65.95,65.39,65.67,6321419.0,65.61,65.5
69,2023-10-02,CVS,69.54,69.76,68.53,69.69,5342250.0,69.7,69.96
70,2023-11-01,CVS,65.75,69.29,64.41,68.73,17541540.0,68.73,69.3
71,2023-12-01,CVS,67.91,68.64,67.365,68.48,7094672.0,68.55,67.8
72,2023-01-03,GOOGL,89.585,91.05,88.52,89.12,28131224.0,89.07,89.02
73,2023-02-01,GOOGL,98.71,101.19,97.58,100.43,35531104.0,104.15,98.41
74,2023-03-01,GOOGL,89.98,91.03,89.67,90.36,31028225.0,90.51,90.49
75,2023-04-03,GOOGL,102.39,104.53,101.93,104.36,25035399.0,104.08,103.13
76,2023-05-01,GOOGL,106.84,107.99,106.82,107.2,26681680.0,107.0,107.2
77,2023-06-01,GOOGL,122.815,124.42,122.62,123.72,30772683.0,123.52,123.14
78,2023-07-03,GOOGL,119.24,120.19,118.8182,119.9,14467850.0,119.54,119.7
79,2023-08-01,GOOGL,130.775,132.63,130.68,131.55,23276440.0,130.5,132.55
80,2023-09-01,GOOGL,137.455,137.455,134.85,135.66,21433687.0,135.38,136.5
81,2023-10-02,GOOGL,131.21,134.42,131.17,134.17,22288038.0,134.3,131.8
82,2023-11-01,GOOGL,124.07,126.49,123.715,126.45,30082438.0,127.0,123.95
83,2023-12-01,GOOGL,131.86,132.11,130.665,131.86,31418763.0,131.86,132.72
84,2023-01-03,MCK,372.74,375.39,368.0,374.33,732752.0,374.33,372.74
85,2023-02-01,MCK,374.69,378.75,369.44,370.98,1739063.0,377.0,374.67
86,2023-03-01,MCK,348.33,352.13,347.35,351.75,719481.0,351.75,342.9301
87,2023-04-03,MCK,358.58,365.01,356.96,363.77,1015457.0,363.77,358.58
88,2023-05-01,MCK,365.16,365.16,353.68,354.01,1420039.0,354.01,365.16
89,2023-06-01,MCK,392.3,393.86,388.04,389.23,839594.0,389.23,392.3
90,2023-07-03,MCK,422.75,424.026,415.715,420.8,402001.0,420.8,452.94
91,2023-08-01,MCK,402.5,406.9,401.55,405.02,868266.0,405.02,402.5
92,2023-09-01,MCK,413.29,417.06,411.53,412.34,543735.0,412.34,413.29
93,2023-10-02,MCK,433.55,439.21,433.1001,437.42,492228.0,438.7,433.55
94,2023-11-01,MCK,453.55,465.14,453.55,459.59,1320481.0,445.0,453.55
95,2023-12-01,MCK,472.46,476.3493,464.32,464.65,809542.0,464.65,472.46
96,2023-01-03,CVX,178.04,179.0,171.51,173.99,7565431.0,174.13,179.99
97,2023-02-01,CVX,173.31,173.66,169.54,171.36,11526400.0,171.61,174.01
98,2023-03-01,CVX,160.92,163.59,160.59,162.05,7470391.0,161.98,160.77
99,2023-04-03,CVX,169.8,171.1,168.92,169.95,12868174.0,170.35,163.78
100,2023-05-01,CVX,167.71,168.73,166.36,167.24,6099800.0,167.25,167.4
101,2023-06-01,CVX,151.3,153.74,149.74,152.16,9887729.0,152.25,152.33
102,2023-07-03,CVX,157.18,158.1,156.7,157.21,3272586.0,157.19,158.03
103,2023-08-01,CVX,163.64,163.64,160.5525,162.3,7534939.0,162.7,163.62
104,2023-09-01,CVX,162.64,164.69,162.64,164.3,6663003.0,164.5,161.42
105,2023-10-02,CVX,168.34,168.57,165.23,166.54,6833959.0,166.5,169.45
106,2023-11-01,CVX,145.98,146.015,143.82,143.98,10819561.0,144.25,145.97
107,2023-12-01,CVX,143.49,146.505,142.6,144.81,11906547.0,144.97,144.0
108,2023-01-03,ABC,164.74,164.99,162.84,164.29,1940864.0,164.29,166.69
109,2023-02-01,ABC,168.15,168.575,160.2,161.05,2352102.0,161.05,168.15
110,2023-03-01,ABC,155.07,156.865,154.52,156.51,965535.0,156.51,155.07
111,2023-04-03,ABC,161.0,163.22,160.5069,162.28,1024322.0,162.28,160.5
112,2023-05-01,ABC,167.18,167.41,164.78,166.79,1509285.0,166.79,167.18
113,2023-06-01,ABC,170.57,173.27,170.18,172.59,1539467.0,172.59,170.57
114,2023-07-03,ABC,191.24,191.29,189.17,190.92,844320.0,190.92,192.09
115,2023-08-01,ABC,187.51,189.325,186.88,189.1,1529036.0,189.2,187.0
116,2023-01-03,COST,458.0,458.8,447.9,453.28,1978075.0,452.55,459.25
117,2023-02-01,COST,508.31,520.45,504.72,517.91,2080208.0,520.75,509.45
118,2023-03-01,COST,481.1,482.575,475.02,478.67,1759327.0,478.9,487.4006
119,2023-04-03,COST,496.5,499.2,495.0,497.03,1804653.0,497.03,496.76
120,2023-05-01,COST,499.15,500.05,488.8,493.59,2203182.0,493.59,500.7
121,2023-06-01,COST,509.33,513.74,502.1,512.6,2407734.0,507.9999,510.54
122,2023-07-03,COST,537.25,541.08,534.34,541.04,951399.0,540.53,538.38
123,2023-08-01,COST,560.63,562.8799,554.54,555.47,1446026.0,550.8928,558.75
124,2023-09-01,COST,553.07,553.48,540.64,544.25,1437729.0,542.5,551.5443
125,2023-10-02,COST,567.91,571.74,564.0,571.31,1831713.0,570.8,566.0
126,2023-11-01,COST,555.0,558.44,549.65,556.8,1735315.0,557.55,550.0
127,2023-12-01,COST,593.28,596.35,590.59,596.25,1475343.0,596.48,592.7
128,2023-01-03,MSFT,243.08,245.75,237.4,239.58,25740036.0,240.87,240.99
129,2023-02-01,MSFT,248.0,255.18,245.47,252.75,31259912.0,252.48,247.61
130,2023-03-01,MSFT,250.76,250.93,245.79,246.27,27530059.0,247.22,250.78
131,2023-04-03,MSFT,286.52,288.27,283.95,287.23,24743342.0,286.7,287.48
132,2023-05-01,MSFT,306.97,308.6,305.15,305.56,21267115.0,305.48,307.5
133,2023-06-01,MSFT,325.93,333.53,324.72,332.58,26773851.0,333.21,328.96
134,2023-07-03,MSFT,339.19,340.9,336.571,337.99,12507092.0,337.99,340.65
135,2023-08-01,MSFT,335.19,338.54,333.7,336.34,18381253.0,334.39,335.53
136,2023-09-01,MSFT,331.31,331.99,326.78,328.66,14886424.0,328.09,328.43
137,2023-10-02,MSFT,316.28,321.888,315.18,321.8,20570006.0,321.98,317.5
138,2023-11-01,MSFT,339.79,347.42,339.65,346.07,28158819.0,346.87,338.0
139,2023-12-01,MSFT,376.76,378.16,371.31,374.51,33036672.0,374.38,378.68
140,2023-01-03,CAH,76.46,76.75,75.3422,76.73,4060050.0,76.73,76.46
141,2023-02-01,CAH,77.0,77.44,75.67,75.72,3328043.0,75.72,77.0
142,2023-03-01,CAH,75.45,76.13,75.21,75.98,1902234.0,76.31,75.71
143,2023-04-03,CAH,75.79,76.96,75.49,76.71,1786820.0,76.71,75.7
144,2023-05-01,CAH,82.18,82.31,81.14,82.25,2021529.0,82.41,82.18
145,2023-06-01,CAH,82.84,84.46,82.75,83.42,3013882.0,83.42,82.85
146,2023-07-03,CAH,93.83,94.8,93.42,94.59,1029711.0,94.5,93.83
147,2023-08-01,CAH,91.31,91.95,91.12,91.64,1528652.0,91.64,91.31
148,2023-09-01,CAH,87.61,88.145,87.38,87.58,1454338.0,87.58,86.4501
149,2023-10-02,CAH,85.98,87.05,85.82,86.38,2742315.0,86.38,85.86
150,2023-11-01,CAH,91.07,93.6,91.04,93.58,3341591.0,93.58,91.07
151,2023-12-01,CAH,107.005,107.86,106.97,107.16,1617460.0,106.95,107.005
152,2023-01-03,CI,327.36,327.91,318.04,321.48,1560384.0,321.45,330.0
153,2023-02-01,CI,315.0,316.155,311.27,313.28,1253736.0,313.28,315.0
154,2023-03-01,CI,288.92,292.0,286.88,288.75,1557050.0,288.75,294.98
155,2023-04-03,CI,259.74,264.35,258.175,262.0,2168762.0,262.25,260.6
156,2023-05-01,CI,253.29,256.77,252.0,254.9,1133512.0,254.9,253.29
157,2023-06-01,CI,248.86,255.99,248.86,253.39,1966476.0,253.5,248.0
158,2023-07-03,CI,278.95,280.93,277.67,280.33,627694.0,280.33,278.95
159,2023-08-01,CI,295.79,297.99,294.29,295.64,1498107.0,295.64,295.79
160,2023-09-01,CI,277.81,280.12,276.17,276.67,1118598.0,276.67,277.81
161,2023-10-02,CI,285.71,288.18,283.57,287.54,978609.0,287.54,285.71
162,2023-11-01,CI,307.75,311.84,305.65,309.41,1755410.0,311.0,307.0
163,2023-12-01,CI,263.96,273.13,263.7901,269.02,3401904.0,269.5,263.9
164,2023-01-03,MPC,115.65,115.65,110.32,110.92,4363887.0,110.92,116.5
165,2023-02-01,MPC,128.85,129.1,121.87,122.97,5189881.0,124.18,129.05
166,2023-03-01,MPC,123.67,129.97,123.06,129.19,4295291.0,129.19,123.69
167,2023-04-03,MPC,137.23,138.83,132.93,135.64,4745657.0,135.54,139.79
168,2023-05-01,MPC,121.44,122.94,120.82,122.46,4173223.0,122.46,121.19
169,2023-06-01,MPC,105.45,107.27,104.815,105.87,4180028.0,105.87,105.96
170,2023-07-03,MPC,117.16,118.61,116.835,117.54,1537197.0,117.25,117.15
171,2023-08-01,MPC,131.79,135.0,131.21,134.94,3491881.0,134.15,133.0
172,2023-09-01,MPC,145.1,146.91,144.7,145.96,3027739.0,146.13,143.33
173,2023-10-02,MPC,151.06,151.6,148.4,150.02,3986903.0,150.02,152.0
174,2023-11-01,MPC,152.43,157.64,151.25,155.21,4023244.0,155.21,150.75
175,2023-12-01,MPC,148.78,153.77,148.44,151.42,3124568.0,151.42,149.15
176,2023-01-03,PSX,103.4,104.47,100.54,101.03,2877150.0,101.03,104.15
177,2023-02-01,PSX,99.8,101.59,97.03,97.99,4467782.0,98.5,100.3
178,2023-03-01,PSX,103.0,107.45,102.62,107.24,4581106.0,107.24,102.22
179,2023-04-03,PSX,104.99,104.99,102.165,102.91,4212311.0,102.99,104.66
180,2023-05-01,PSX,98.2,99.59,97.58,98.4,2546587.0,98.4,98.35
181,2023-06-01,PSX,92.88,94.42,92.57,93.05,3100970.0,93.06,91.73
182,2023-07-03,PSX,95.65,96.64,95.4,95.66,1348799.0,95.66,95.97
183,2023-08-01,PSX,111.185,112.45,110.65,112.11,2695397.0,112.5,111.13
184,2023-09-01,PSX,116.13,117.31,115.1,117.17,2787680.0,117.48,115.1
185,2023-10-02,PSX,120.09,120.3,118.19,119.02,2445763.0,119.02,120.55
186,2023-11-01,PSX,114.85,117.09,113.74,116.09,3343079.0,116.09,114.48
187,2023-12-01,PSX,128.5,131.26,127.75,129.7,4757297.0,131.0,129.0
188,2023-01-03,VLO,125.75,126.58,119.64,120.04,3671585.0,120.04,126.49
189,2023-02-01,VLO,140.88,142.36,134.28,136.23,4159196.0,136.25,140.03
190,2023-03-01,VLO,132.5,139.765,131.6841,139.29,5042214.0,139.2,131.5
191,2023-04-03,VLO,141.92,142.26,136.55,138.53,6276124.0,138.35,140.29
192,2023-05-01,VLO,114.44,115.99,113.435,115.41,3054252.0,115.41,113.91
193,2023-06-01,VLO,107.18,107.985,105.66,105.93,5241697.0,105.93,107.34
194,2023-07-03,VLO,118.32,118.85,117.32,117.43,1466093.0,117.43,118.35
195,2023-08-01,VLO,128.53,129.87,127.3775,128.77,3353219.0,128.61,128.87
196,2023-09-01,VLO,132.0,134.605,131.79,133.58,2999619.0,134.1,130.85
197,2023-10-02,VLO,141.71,142.2,137.08,138.09,4109678.0,138.09,142.0
198,2023-11-01,VLO,127.86,131.43,125.82,127.73,3741669.0,127.73,127.12
199,2023-12-01,VLO,125.0,128.33,125.0,126.38,2516478.0,126.39,125.36
200,2023-01-03,F,11.82,11.92,11.57,11.68,45809007.0,11.68,11.69
201,2023-02-01,F,13.52,13.99,13.49,13.79,70640965.0,13.99,13.4
202,2023-03-01,F,12.35,12.54,12.17,12.32,85328789.0,12.37,12.2
203,2023-04-03,F,12.525,12.73,12.48,12.68,55956287.0,12.7,12.49
204,2023-05-01,F,12.005,12.29,11.99,12.06,59834199.0,12.07,11.85
205,2023-06-01,F,12.065,12.18,11.84,12.11,64407823.0,12.08,12.02
206,2023-07-03,F,15.15,15.4,15.15,15.24,29412748.0,15.23,15.17
207,2023-08-01,F,13.15,13.44,13.11,13.42,59221812.0,13.3,13.21
208,2023-09-01,F,12.16,12.27,12.04,12.14,34716856.0,12.1118,12.08
209,2023-10-02,F,12.38,12.44,12.23,12.31,51204004.0,12.31,12.48
210,2023-11-01,F,9.835,9.93,9.76,9.91,75469744.0,9.92,9.87
211,2023-12-01,F,10.29,10.6,10.22,10.58,61619835.0,10.59,10.28
212,2023-01-03,HD,317.42,319.22,311.78,315.91,2822390.0,315.91,319.97
213,2023-02-01,HD,322.39,330.545,317.6382,328.09,3076471.0,328.5,323.8
214,2023-03-01,HD,291.92,293.72,288.66,290.79,5905093.0,290.7,296.67
215,2023-04-03,HD,294.87,297.97,294.735,297.73,4007558.0,297.72,293.18
216,2023-05-01,HD,298.98,299.56,297.37,297.7,2969999.0,297.5,299.52
217,2023-06-01,HD,284.05,289.22,279.98,288.39,4305103.0,288.01,284.13
218,2023-07-03,HD,309.78,311.3999,308.9,310.02,1483269.0,310.02,310.96
219,2023-08-01,HD,331.76,334.97,330.88,332.07,2547410.0,331.0,333.52
220,2023-09-01,HD,332.0,333.45,331.14,333.08,2317413.0,332.31,332.31
221,2023-10-02,HD,300.52,303.45,298.46,299.83,2807021.0,299.58,302.76
222,2023-11-01,HD,285.59,286.83,282.0201,286.63,2747346.0,286.0,284.5
223,2023-12-01,HD,313.83,320.1,313.0,319.62,3613808.0,319.74,313.07
224,2023-01-03,GM,34.015,34.34,33.395,33.82,11793319.0,33.89,33.9
225,2023-02-01,GM,39.45,39.84,38.56,39.3,25569532.0,39.37,39.44
226,2023-03-01,GM,38.68,39.33,38.64,38.72,14164837.0,38.7,39.13
227,2023-04-03,GM,36.38,36.815,35.995,36.27,10887916.0,36.27,36.89
228,2023-05-01,GM,34.0,34.2796,33.435,33.48,16892295.0,33.54,33.02
229,2023-06-01,GM,32.49,33.3,32.135,33.02,12466746.0,33.06,32.4
230,2023-07-03,GM,38.74,39.14,38.63,38.96,5578339.0,39.096,38.78
231,2023-08-01,GM,38.04,38.36,37.9,38.12,10236209.0,37.98,38.41
232,2023-09-01,GM,33.59,33.84,33.26,33.54,8804755.0,33.5,33.4
233,2023-10-02,GM,32.84,33.06,32.155,32.47,10966089.0,32.4,33.14
234,2023-11-01,GM,28.73,28.8,27.73,28.0,16305788.0,28.04,28.68
235,2023-12-01,GM,31.52,32.59,31.52,32.36,31632881.0,32.36,31.5
236,2023-01-03,ELV,508.68,511.97,493.53,502.2,1075617.0,502.2,508.68
237,2023-02-01,ELV,499.01,503.705,493.325,498.77,1242550.0,498.77,499.01
238,2023-03-01,ELV,464.3,470.41,463.0,469.03,807703.0,469.03,464.3
239,2023-04-03,ELV,467.49,478.82,464.54,476.49,1224363.0,484.0,465.0
240,2023-05-01,ELV,468.82,477.17,468.58,472.28,785020.0,472.28,468.65
241,2023-06-01,ELV,449.8,467.52,448.05,464.43,1629970.0,464.43,447.82
242,2023-07-03,ELV,442.54,447.35,439.18,444.48,754219.0,444.48,444.29
243,2023-08-01,ELV,472.58,474.295,466.24,467.98,835917.0,467.98,472.58
244,2023-09-01,ELV,445.83,448.04,439.54,442.38,1319650.0,442.38,445.65
245,2023-10-02,ELV,436.02,440.76,431.38,440.19,1174839.0,440.19,435.42
246,2023-11-01,ELV,448.52,450.69,443.057,446.66,1556752.0,446.66,448.55
247,2023-12-01,ELV,478.42,485.22,478.42,483.12,1361515.0,483.12,478.42
248,2023-01-03,JPM,135.24,136.74,133.89,135.12,11054778.0,135.11,134.9
249,2023-02-01,JPM,138.21,140.875,138.12,139.59,8841846.0,140.14,139.0
250,2023-03-01,JPM,142.1,143.4583,141.8,142.55,7139155.0,142.5,143.2
251,2023-04-03,JPM,129.91,131.44,129.41,130.16,11775388.0,130.08,130.95
252,2023-05-01,JPM,142.26,143.37,140.83,141.2,20415762.0,141.3,139.8
253,2023-06-01,JPM,136.52,138.23,135.445,137.58,12248094.0,137.95,136.68
254,2023-07-03,JPM,146.19,147.48,146.0,146.61,8021622.0,146.85,145.5
255,2023-08-01,JPM,157.43,158.0,156.15,157.18,6855682.0,156.52,157.6
256,2023-09-01,JPM,146.09,148.08,145.7,146.82,7903496.0,146.75,147.03
257,2023-10-02,JPM,144.83,145.6223,142.63,143.77,9170644.0,143.75,145.9
258,2023-11-01,JPM,139.25,140.53,138.47,138.94,9432048.0,139.0,138.6
259,2023-12-01,JPM,155.82,157.86,155.82,156.84,8916001.0,157.1,155.96
260,2023-01-03,KR,44.48,44.995,44.22,44.47,3570210.0,44.5,44.62
261,2023-02-01,KR,44.41,45.39,44.08,45.18,5387340.0,45.13,44.63
262,2023-03-01,KR,42.96,43.43,42.815,43.38,7008823.0,43.0,43.35
263,2023-04-03,KR,49.57,49.995,49.46,49.94,6118221.0,49.52,49.37
264,2023-05-01,KR,48.88,49.38,48.43,49.28,4484044.0,49.2,48.78
265,2023-06-01,KR,45.18,45.41,44.43,44.66,8704133.0,44.7399,45.35
266,2023-07-03,KR,46.95,47.44,46.71,47.44,2132483.0,47.39,47.01
267,2023-08-01,KR,48.67,48.951,48.17,48.54,3441408.0,48.0,48.67
268,2023-09-01,KR,46.45,46.64,45.875,45.98,3676473.0,45.98,46.54
269,2023-10-02,KR,44.61,44.66,43.7025,44.03,3802677.0,44.02,45.1
270,2023-11-01,KR,45.56,45.695,45.04,45.39,3638473.0,45.56,45.35
271,2023-12-01,KR,44.51,44.76,43.705,44.6,6252647.0,44.61,44.45
272,2023-01-03,CNC,82.0,83.61,78.86,79.74,6674127.0,79.74,82.25
273,2023-02-01,CNC,76.04,76.3,74.96,75.14,3926655.0,74.25,76.04
274,2023-03-01,CNC,67.87,69.085,67.58,68.51,3447524.0,68.51,68.49
275,2023-04-03,CNC,64.61,65.24,63.89,64.67,4837609.0,64.67,64.01
276,2023-05-01,CNC,68.905,69.255,68.45,68.61,2919631.0,68.61,68.905
277,2023-06-01,CNC,62.69,65.53,62.47,64.94,3871261.0,64.94,62.69
278,2023-07-03,CNC,67.12,67.565,66.815,67.37,1353439.0,67.37,67.5
279,2023-08-01,CNC,68.15,68.67,67.76,68.01,3798642.0,68.01,67.5759
280,2023-09-01,CNC,61.95,62.0,60.83,61.27,4239790.0,61.05,62.43
281,2023-10-02,CNC,68.67,69.44,68.01,69.3,2397118.0,68.88,68.67
282,2023-11-01,CNC,68.71,70.1,68.13,69.32,3095130.0,69.867,68.5
283,2023-12-01,CNC,73.54,74.97,73.49,74.88,3888414.0,74.93,73.54
284,2023-01-03,VZ,39.77,40.23,39.38,40.12,31330684.0,40.15,39.36
285,2023-02-01,VZ,41.99,42.0,41.125,41.69,19542040.0,41.75,41.53
286,2023-03-01,VZ,38.71,38.71,38.15,38.3,18411712.0,38.26,38.85
287,2023-04-03,VZ,39.05,39.575,39.015,39.22,19354856.0,39.22,39.17
288,2023-05-01,VZ,39.17,39.18,38.68,38.71,17043545.0,38.71,38.83
289,2023-06-01,VZ,35.6,35.9,35.415,35.72,20565293.0,35.76,35.82
290,2023-07-03,VZ,37.17,37.3789,36.96,37.28,10367137.0,37.26,37.21
291,2023-08-01,VZ,34.29,34.3,33.315,33.43,27302970.0,33.44,34.09
292,2023-09-01,VZ,34.99,35.145,34.835,34.86,14748679.0,34.81,35.09
293,2023-10-02,VZ,32.44,32.47,31.7316,31.76,24722596.0,31.84,32.56
294,2023-11-01,VZ,35.405,35.555,35.15,35.4,26071209.0,35.41,35.12
295,2023-12-01,VZ,38.4,38.61,38.27,38.58,20762478.0,38.6,38.38
296,2023-01-03,WBA,37.85,37.85,36.88,37.19,7377223.0,37.24,37.8
297,2023-02-01,WBA,36.815,37.43,36.165,37.18,7963686.0,37.01,36.79
298,2023-03-01,WBA,35.25,35.41,34.98,35.2,4946861.0,35.12,35.57
299,2023-04-03,WBA,34.89,35.62,34.78,35.46,9677966.0,35.47,34.75
300,2023-05-01,WBA,35.3,35.36,34.54,34.61,5128237.0,34.59,35.26
301,2023-06-01,WBA,30.285,30.63,30.01,30.32,7709250.0,30.35,30.63
302,2023-07-03,WBA,28.3901,29.03,28.305,29.02,6966574.0,29.0,28.55
303,2023-08-01,WBA,29.97,30.21,29.44,29.57,6537455.0,29.56,29.99
304,2023-09-01,WBA,25.17,25.26,23.39,23.43,33218082.0,23.5,25.32
305,2023-10-02,WBA,22.24,22.43,21.895,22.42,12917400.0,22.35,22.42
306,2023-11-01,WBA,20.97,21.03,20.14,20.63,16155016.0,20.62,21.03
307,2023-12-01,WBA,19.95,20.82,19.7501,20.79,12358066.0,20.79,20.06
308,2023-01-03,FNMA,0.3521,0.4534,0.3521,0.445,5771212.0,0.445,0.3521
309,2023-02-01,FNMA,0.4693,0.49,0.4677,0.4849,1382916.0,0.4849,0.4693
310,2023-03-01,FNMA,0.455,0.4689,0.451,0.4627,1415852.0,0.4627,0.455
311,2023-04-03,FNMA,0.406,0.42,0.406,0.4135,1035516.0,0.4135,0.406
312,2023-05-01,FNMA,0.43,0.4399,0.4175,0.429,524121.0,0.429,0.43
313,2023-06-01,FNMA,0.44,0.444,0.43,0.435,772711.0,0.435,0.44
314,2023-07-03,FNMA,0.44,0.4415,0.432,0.4361,406433.0,0.4361,0.44
315,2023-08-01,FNMA,0.44,0.527,0.44,0.47,6872416.0,0.47,0.44
316,2023-09-01,FNMA,0.621,0.6456,0.5808,0.627,1572650.0,0.627,0.621
317,2023-10-02,FNMA,0.617,0.6299,0.605,0.611,805098.0,0.611,0.617
318,2023-11-01,FNMA,0.748,0.7569,0.721,0.751,3478152.0,0.75,0.7668
319,2023-12-01,FNMA,0.742,0.7488,0.7301,0.7434,670636.0,0.7434,0.742
320,2023-01-03,CMCSA,34.94,35.59,34.74,35.57,23175283.0,35.5,34.93
321,2023-02-01,CMCSA,39.095,40.295,38.68,39.97,17815055.0,39.62,39.19
322,2023-03-01,CMCSA,36.88,37.08,36.34,36.63,17280424.0,36.85,37.05
323,2023-04-03,CMCSA,38.0,38.35,37.82,38.01,19698330.0,38.28,37.9
324,2023-05-01,CMCSA,42.0,42.0,41.53,41.64,17235464.0,41.5,41.34
325,2023-06-01,CMCSA,39.57,39.57,38.68,39.04,30453922.0,39.08,39.35
326,2023-07-03,CMCSA,40.98,41.815,40.89,41.76,8378319.0,41.87,41.3
327,2023-08-01,CMCSA,45.46,45.51,45.09,45.31,15101557.0,45.01,45.15
328,2023-09-01,CMCSA,46.67,46.7,45.35,45.73,18866703.0,45.75,46.77
329,2023-10-02,CMCSA,44.25,44.72,44.09,44.49,17295213.0,44.49,44.34
330,2023-11-01,CMCSA,41.37,42.135,41.34,41.82,19505409.0,41.88,41.0
331,2023-12-01,CMCSA,42.245,42.52,41.8092,42.21,16973919.0,42.22,42.4
332,2023-01-03,T,18.51,18.85,18.41,18.74,42149170.0,18.75,18.41
333,2023-02-01,T,20.47,20.5,20.07,20.18,40172549.0,20.2201,20.24
334,2023-03-01,T,18.83,18.86,18.56,18.66,23339850.0,18.69,18.91
335,2023-04-03,T,19.27,19.475,19.2,19.39,31102535.0,19.38,19.24
336,2023-05-01,T,17.74,17.755,17.49,17.5,35510207.0,17.47,17.68
337,2023-06-01,T,15.75,15.87,15.625,15.81,31360871.0,15.81,15.73
338,2023-07-03,T,15.95,16.12,15.95,16.12,18424159.0,16.1,15.96
339,2023-08-01,T,14.56,14.57,14.26,14.3,46332985.0,14.33,14.48
340,2023-09-01,T,14.81,14.86,14.64,14.65,20292900.0,14.63,14.82
341,2023-10-02,T,15.04,15.085,14.66,14.67,36600218.0,14.71,15.07
342,2023-11-01,T,15.49,15.7,15.43,15.58,41502824.0,15.58,15.41
343,2023-12-01,T,16.6,16.77,16.525,16.76,35407190.0,16.77,16.57
344,2023-01-03,META,122.82,126.37,122.28,124.74,35528531.0,124.25,120.99
345,2023-02-01,META,148.03,153.58,147.06,153.12,55661017.0,183.9901,146.64
346,2023-03-01,META,174.59,177.85,173.05,173.42,30998380.0,174.09,175.7
347,2023-04-03,META,208.84,213.4861,208.2,213.07,17924613.0,213.16,210.85
348,2023-05-01,META,238.615,244.0,236.46,243.18,29143912.0,242.91,240.03
349,2023-06-01,META,265.9,274.0,265.89,272.61,25609508.0,272.77,264.72
350,2023-07-03,META,286.7,289.4,284.8499,286.02,8629269.0,285.7,287.52
351,2023-08-01,META,317.535,324.14,314.66,322.71,22889870.0,320.23,318.53
352,2023-09-01,META,299.37,301.74,294.47,296.38,12842257.0,296.24,296.01
353,2023-10-02,META,302.74,307.18,301.63,306.82,16265571.0,307.05,302.5
354,2023-11-01,META,301.85,312.74,301.85,311.85,20434580.0,313.4,301.2
355,2023-12-01,META,325.48,326.86,320.76,324.82,15276375.0,324.8784,327.26
356,2023-01-03,BAC,33.23,34.09,33.21,33.51,35221501.0,33.47,33.49
357,2023-02-01,BAC,35.2,36.26,35.11,35.92,44385726.0,36.08,35.4
358,2023-03-01,BAC,34.15,34.49,33.98,34.14,29281552.0,34.1399,34.47
359,2023-04-03,BAC,28.64,28.98,28.325,28.59,51996802.0,28.56,28.65
360,2023-05-01,BAC,29.5,29.54,29.0,29.04,33816802.0,29.02,29.25
361,2023-06-01,BAC,27.76,27.98,27.34,27.78,57426132.0,27.84,27.8
362,2023-07-03,BAC,28.7,29.3499,28.65,29.2,30995831.0,29.19,28.77
363,2023-08-01,BAC,31.84,31.94,31.42,31.62,32692530.0,31.47,31.94
364,2023-09-01,BAC,28.76,29.13,28.76,28.98,34998576.0,28.98,28.74
365,2023-10-02,BAC,27.27,27.355,26.58,26.7,50388610.0,26.68,27.57
366,2023-11-01,BAC,26.44,26.615,26.15,26.4,44046276.0,26.5,26.26
367,2023-12-01,BAC,30.4,31.05,30.35,30.96,46133342.0,30.98,30.54
368,2023-01-03,TGT,149.975,152.64,149.58,151.73,3685201.0,151.72,150.0
369,2023-02-01,TGT,172.11,177.68,169.91,177.08,4022156.0,177.26,172.594
370,2023-03-01,TGT,168.16,168.4014,160.8,162.4,5835691.0,162.0,168.51
371,2023-04-03,TGT,166.4,167.96,165.33,166.06,2744397.0,165.85,165.78
372,2023-05-01,TGT,157.68,158.75,156.34,157.12,1964517.0,157.11,157.75
373,2023-06-01,TGT,128.6,132.03,126.75,131.16,13666999.0,131.0991,129.92
374,2023-07-03,TGT,131.59,135.3192,131.59,134.86,4134575.0,134.5,131.9
375,2023-08-01,TGT,136.33,136.535,132.95,132.99,4069343.0,132.66,136.4
376,2023-09-01,TGT,127.55,127.7,125.15,125.52,2997077.0,125.58,126.98
377,2023-10-02,TGT,110.35,110.3916,105.75,106.69,6121320.0,106.59,111.12
378,2023-11-01,TGT,111.08,111.08,108.61,109.54,3081469.0,109.4,110.65
379,2023-12-01,TGT,133.4,134.95,132.51,134.78,4544476.0,134.78,133.81
380,2023-01-03,DELL,40.56,40.975,39.97,40.9,2679283.0,40.9,40.39
381,2023-02-01,DELL,40.5,41.44,40.34,41.23,3476465.0,41.3,40.63
382,2023-03-01,DELL,40.84,40.95,39.97,40.44,7083437.0,40.54,40.8
383,2023-04-03,DELL,40.14,41.15,40.06,40.97,4756258.0,40.88,40.0
384,2023-05-01,DELL,43.49,44.109,43.385,43.82,4516203.0,44.9,43.25
385,2023-06-01,DELL,45.005,47.5,44.71,45.46,14458270.0,44.13,45.15
386,2023-07-03,DELL,54.0,54.78,53.74,54.61,1828579.0,54.39,53.83
387,2023-08-01,DELL,52.78,53.675,52.78,53.37,3681357.0,53.0046,52.95
388,2023-09-01,DELL,64.09,70.28,63.86,68.19,32070501.0,67.95,60.92
389,2023-10-02,DELL,68.61,69.33,67.34,67.7,3902534.0,67.7,69.3
390,2023-11-01,DELL,67.29,68.74,66.75,68.67,3407637.0,68.94,66.91
391,2023-12-01,DELL,71.86,73.059,68.5,71.93,14361161.0,71.3,72.7
392,2023-01-03,ADM,92.75,92.85,89.02,89.65,2286020.0,90.22,93.4
393,2023-02-01,ADM,82.74,83.84,82.53,83.37,5673931.0,83.72,83.0
394,2023-03-01,ADM,79.64,79.85,78.81,79.24,2987589.0,79.28,80.0
395,2023-04-03,ADM,79.6,81.23,79.6,80.42,2094556.0,80.42,80.0
396,2023-05-01,ADM,78.24,78.66,77.58,77.8,1872505.0,78.09,78.2
397,2023-06-01,ADM,70.97,71.04,69.92,70.55,2613159.0,70.2818,70.8
398,2023-07-03,ADM,75.69,77.17,75.59,76.73,1485077.0,76.77,75.61
399,2023-08-01,ADM,84.43,85.229,83.89,84.98,2293265.0,84.98,85.13
400,2023-09-01,ADM,79.84,80.475,79.22,79.79,3572251.0,79.79,79.32
401,2023-10-02,ADM,74.8,75.17,73.51,74.2,2518755.0,74.2,75.08
402,2023-11-01,ADM,71.85,72.235,71.22,71.37,2516335.0,71.37,71.47
403,2023-12-01,ADM,73.76,75.29,73.72,75.08,2722417.0,75.08,73.73
404,2023-01-03,C,45.75,46.745,45.535,45.78,19563965.0,45.97,45.24
405,2023-02-01,C,51.54,52.74,51.41,52.15,22111878.0,52.4,52.0
406,2023-03-01,C,50.46,51.54,50.3,51.5,15965955.0,51.55,50.83
407,2023-04-03,C,47.14,47.49,46.43,46.71,16633065.0,46.65,46.95
408,2023-05-01,C,47.88,48.38,47.165,47.25,18314751.0,47.25,46.72
409,2023-06-01,C,44.6801,45.345,44.31,44.84,15757110.0,44.92,44.48
410,2023-07-03,C,46.08,47.2872,46.02,46.74,10159901.0,46.8114,46.25
411,2023-08-01,C,47.33,47.47,46.81,47.07,15234144.0,46.86,47.68
412,2023-09-01,C,41.59,41.82,41.38,41.59,12413521.0,41.55,41.47
413,2023-10-02,C,40.99,41.05,40.29,40.5,16178942.0,40.42,41.3
414,2023-11-01,C,39.54,39.84,39.28,39.6,16010993.0,39.7,39.2
415,2023-12-01,C,46.0,47.26,45.89,47.23,20017803.0,47.25,46.24
416,2023-01-03,UPS,174.27,175.83,173.65,175.28,2206482.0,175.49,176.0
417,2023-02-01,UPS,184.68,185.83,180.8,184.98,4005165.0,185.39,184.2
418,2023-03-01,UPS,181.93,184.75,181.55,183.08,2307530.0,183.08,181.5342
419,2023-04-03,UPS,192.83,193.75,191.32,193.72,2735242.0,193.43,193.5
420,2023-05-01,UPS,179.95,182.69,179.67,182.2,2807893.0,182.1,179.49
421,2023-06-01,UPS,167.51,168.92,166.21,167.83,2507005.0,168.19,167.9249
422,2023-07-03,UPS,178.26,184.16,178.18,183.77,3330016.0,183.77,179.03
423,2023-08-01,UPS,186.86,187.0,183.77,185.5,2827369.0,185.5,186.9
424,2023-09-01,UPS,170.52,170.68,167.34,168.0,3286591.0,167.55,170.52
425,2023-10-02,UPS,155.145,155.42,153.64,155.08,3243692.0,155.08,156.0
426,2023-11-01,UPS,141.38,142.14,138.05,139.8,3544835.0,139.9,141.38
427,2023-12-01,UPS,151.99,154.97,151.02,154.91,3945323.0,154.92,151.5
428,2023-01-03,PFE,51.01,51.325,50.82,51.26,15603793.0,51.3,51.35
429,2023-02-01,PFE,43.905,44.18,43.41,43.97,24482321.0,44.0999,44.0
430,2023-03-01,PFE,40.56,40.76,40.135,40.18,21104422.0,40.18,40.65
431,2023-04-03,PFE,40.69,41.4668,40.65,41.35,20817194.0,41.33,40.79
432,2023-05-01,PFE,39.0,39.52,38.86,39.21,23917757.0,39.41,38.7
433,2023-06-01,PFE,38.12,38.21,37.7,38.02,20256138.0,38.08,38.1
434,2023-07-03,PFE,36.5,36.745,36.35,36.65,14115809.0,36.59,36.9
435,2023-08-01,PFE,35.88,36.92,35.37,35.61,40951967.0,35.52,36.11
436,2023-09-01,PFE,35.64,36.06,35.6,35.78,17522542.0,35.8,35.45
437,2023-10-02,PFE,32.95,33.955,32.76,33.94,44614096.0,33.96,33.25
438,2023-11-01,PFE,30.56,31.075,30.47,30.51,23568309.0,30.55,30.52
439,2023-12-01,PFE,28.97,29.4,28.3,28.91,103624040.0,28.91,30.45
440,2023-01-03,LOW,201.49,202.3,197.14,199.04,2602208.0,199.04,200.89
441,2023-02-01,LOW,207.455,215.14,204.39,213.56,3363932.0,213.56,207.46
442,2023-03-01,LOW,205.44,205.64,191.2714,194.31,9814299.0,194.31,201.67
443,2023-04-03,LOW,201.07,204.23,200.97,203.99,3471080.0,203.5,199.94
444,2023-05-01,LOW,207.83,208.92,207.135,208.22,2282164.0,208.22,206.9
445,2023-06-01,LOW,200.96,204.735,197.48,203.92,2764765.0,203.92,201.0
446,2023-07-03,LOW,224.62,226.05,223.4903,224.59,1498445.0,224.59,225.3
447,2023-08-01,LOW,232.94,234.97,232.11,232.35,2030978.0,231.7,232.52
448,2023-09-01,LOW,232.3,233.97,231.975,232.51,2562017.0,232.45,231.99
449,2023-10-02,LOW,207.38,208.48,204.85,205.74,2265031.0,205.74,208.54
450,2023-11-01,LOW,191.18,192.2,188.7,191.29,3070168.0,191.6,190.5
451,2023-12-01,LOW,199.2,204.36,198.52,203.92,2965668.0,203.92,198.9
452,2023-01-03,JNJ,176.16,178.38,176.01,178.19,6344864.0,178.2,177.03
453,2023-02-01,JNJ,162.99,165.98,162.4,164.92,9865296.0,165.0,163.13
454,2023-03-01,JNJ,153.01,153.24,151.91,152.57,6766972.0,152.47,153.62
455,2023-04-03,JNJ,154.95,157.01,153.94,156.85,6841888.0,156.3,155.28
456,2023-05-01,JNJ,163.6,164.298,162.24,163.6,4893426.0,163.41,163.7
457,2023-06-01,JNJ,154.54,155.04,153.15,154.54,7901348.0,154.5,155.67
458,2023-07-03,JNJ,164.34,164.39,162.96,163.35,4033713.0,163.4,165.0
459,2023-08-01,JNJ,166.365,169.09,166.06,168.89,15811545.0,168.4999,167.1
460,2023-09-01,JNJ,161.42,162.48,160.015,160.48,8610052.0,160.35,162.0
461,2023-10-02,JNJ,155.42,155.42,153.32,155.15,7259935.0,155.15,155.52
462,2023-11-01,JNJ,149.19,149.76,148.46,148.69,5732973.0,148.7,148.34
463,2023-12-01,JNJ,156.44,158.46,155.47,158.38,10342901.0,158.3,155.36
464,2023-01-03,FDX,174.97,177.59,174.53,177.27,2193929.0,177.25,175.13
465,2023-02-01,FDX,193.1,204.06,192.56,202.11,5262068.0,202.29,193.47
466,2023-03-01,FDX,203.25,206.5703,202.58,204.33,1179821.0,204.4,203.55
467,2023-04-03,FDX,227.32,228.87,226.47,228.84,1980892.0,228.4,228.0
468,2023-05-01,FDX,228.45,231.1899,228.32,230.58,1122115.0,230.58,228.45
469,2023-06-01,FDX,217.51,217.96,213.805,217.29,2164238.0,217.59,218.66
470,2023-07-03,FDX,247.11,248.37,246.175,247.55,1281635.0,247.55,248.0
471,2023-08-01,FDX,269.28,270.5825,265.635,268.16,1252003.0,267.2,269.28
472,2023-09-01,FDX,262.75,263.61,259.53,260.97,1436588.0,260.89,261.8
473,2023-10-02,FDX,266.0,266.721,263.555,265.11,1913038.0,265.99,266.39
474,2023-11-01,FDX,240.56,245.32,239.69,243.23,2079373.0,243.23,240.56
475,2023-12-01,FDX,259.15,265.3,258.53,264.42,1994950.0,265.1,259.15
476,2023-01-03,HUM,508.24,511.01,489.67,500.49,1089620.0,500.49,508.24
477,2023-02-01,HUM,506.09,527.775,498.61,513.28,1995679.0,502.0,509.69
478,2023-03-01,HUM,491.85,496.88,490.85,496.15,507902.0,496.15,495.51
479,2023-04-03,HUM,500.08,511.07,492.3,510.25,1479168.0,510.0,500.0
480,2023-05-01,HUM,531.23,539.275,531.2,535.13,792636.0,535.13,531.23
481,2023-06-01,HUM,502.98,518.605,502.845,515.15,786502.0,515.15,502.98
482,2023-07-03,HUM,444.0,447.63,442.63,446.27,569694.0,446.0,444.78
483,2023-08-01,HUM,458.23,461.17,455.1,458.11,1536851.0,459.98,459.34
484,2023-09-01,HUM,464.0,466.62,456.01,460.61,991287.0,460.61,464.0
485,2023-10-02,HUM,486.24,493.94,479.35,491.74,1001081.0,491.74,486.24
486,2023-11-01,HUM,500.34,516.0,488.73,489.36,2752749.0,490.0,529.0
487,2023-12-01,HUM,483.03,504.79,480.49,495.21,2178657.0,497.24,483.03
488,2023-01-03,ET,11.9,11.93,11.5,11.62,12534993.0,11.64,11.87
489,2023-02-01,ET,13.35,13.36,13.02,13.07,24295600.0,13.17,13.25
490,2023-03-01,ET,12.69,12.85,12.63,12.79,12046546.0,12.8,12.66
491,2023-04-03,ET,12.73,12.95,12.7,12.82,14849853.0,12.8,12.56
492,2023-05-01,ET,12.93,13.09,12.88,12.91,12632080.0,12.98,12.92
493,2023-06-01,ET,12.46,12.65,12.4,12.6,7634906.0,12.62,12.5367
494,2023-07-03,ET,12.77,12.86,12.75,12.85,3776700.0,12.85,12.78
495,2023-08-01,ET,13.3,13.33,13.25,13.28,11395294.0,13.29,13.32
496,2023-09-01,ET,13.6,13.67,13.56,13.62,8994389.0,13.65,13.48
497,2023-10-02,ET,14.04,14.05,13.67,13.78,17022322.0,13.8,14.04
498,2023-11-01,ET,13.12,13.24,12.9,13.15,19117144.0,13.11,13.1
499,2023-12-01,ET,13.86,13.95,13.8403,13.89,11397461.0,13.93,13.88
500,2023-01-03,FMCC,0.36,0.449,0.355,0.4438,3159851.0,0.4438,0.36
501,2023-02-01,FMCC,0.46715,0.489,0.464,0.48,468122.0,0.48,0.46715
502,2023-03-01,FMCC,0.4531,0.4769,0.45,0.45515,509204.0,0.45515,0.4531
503,2023-04-03,FMCC,0.405,0.4189,0.405,0.41545,299494.0,0.41545,0.405
504,2023-05-01,FMCC,0.426,0.4348,0.42,0.42655,351674.0,0.42655,0.426
505,2023-06-01,FMCC,0.442,0.442,0.4222,0.431525,697506.0,0.4361,0.442
506,2023-07-03,FMCC,0.4337,0.4447,0.431,0.4375,450550.0,0.4375,0.4337
507,2023-08-01,FMCC,0.44305,0.5174,0.44,0.4701,3113532.0,0.4701,0.44305
508,2023-09-01,FMCC,0.61,0.6285,0.58,0.6094,542256.0,0.6094,0.61
509,2023-10-02,FMCC,0.6049,0.6049,0.59,0.592,809264.0,0.592,0.6049
510,2023-11-01,FMCC,0.65,0.6649,0.642,0.65,757074.0,0.65,0.655
511,2023-12-01,FMCC,0.66297,0.6699,0.64997,0.66,297770.0,0.66,0.66297
512,2023-01-03,PEP,180.59,180.75,176.57,179.41,5137404.0,179.01,180.7372
513,2023-02-01,PEP,170.88,172.32,169.51,171.56,4147699.0,170.7,170.0
514,2023-03-01,PEP,172.32,172.46,169.12,171.33,5359107.0,171.5,174.0
515,2023-04-03,PEP,181.9,182.76,180.4,182.5,3902505.0,182.3,183.0
516,2023-05-01,PEP,190.45,192.325,190.28,191.68,3137839.0,191.75,190.28
517,2023-06-01,PEP,182.42,182.69,180.8,182.19,5277433.0,182.25,181.95
518,2023-07-03,PEP,184.3,185.64,183.47,185.6,2388969.0,185.72,185.6
519,2023-08-01,PEP,187.49,188.6,186.4,186.82,2854164.0,186.81,187.5
520,2023-09-01,PEP,178.73,178.81,174.6362,175.32,4801361.0,175.02,179.0
521,2023-10-02,PEP,169.08,169.49,167.32,169.17,3838871.0,168.0,169.64
522,2023-11-01,PEP,163.67,165.43,162.76,164.87,6682510.0,164.87,162.91
523,2023-12-01,PEP,168.37,168.85,167.38,168.69,4897439.0,168.9,168.26
524,2023-01-03,WFC,41.61,42.135,41.45,41.79,15944341.0,41.79,41.51
525,2023-02-01,WFC,46.655,47.8,46.47,47.33,21874606.0,47.46,46.7
526,2023-03-01,WFC,46.5,46.92,46.25,46.68,13382237.0,46.64,46.67
527,2023-04-03,WFC,37.52,38.16,37.395,37.72,21540975.0,37.69,37.36
528,2023-05-01,WFC,40.49,41.175,40.19,40.39,26564347.0,40.3,39.77
529,2023-06-01,WFC,40.21,40.53,39.68,40.06,17079390.0,40.11,39.87
530,2023-07-03,WFC,42.88,43.595,42.7396,43.4,9249140.0,43.4,42.8
531,2023-08-01,WFC,46.01,46.16,45.34,45.71,12553674.0,45.45,46.05
532,2023-09-01,WFC,41.55,41.99,41.51,41.65,12890291.0,41.64,41.48
533,2023-10-02,WFC,40.695,40.755,39.44,39.61,15102034.0,39.68,41.0
534,2023-11-01,WFC,39.96,39.98,39.285,39.61,19850329.0,39.77,39.55
535,2023-12-01,WFC,44.51,45.2351,44.38,45.02,18116069.0,45.06,44.53
536,2023-01-03,DIS,88.98,89.9716,87.83,88.97,14997142.0,89.0,88.0
537,2023-02-01,DIS,108.5,109.94,106.9,109.39,9974481.0,110.5,108.04
538,2023-03-01,DIS,99.19,99.63,98.1,98.54,7898251.0,98.58,100.25
539,2023-04-03,DIS,100.21,100.43,99.27,99.76,7313201.0,99.7,100.0
540,2023-05-01,DIS,102.405,102.6087,101.605,102.21,6909535.0,102.21,102.14
541,2023-06-01,DIS,88.4,89.055,87.11,88.59,11993172.0,88.94,88.4
542,2023-07-03,DIS,89.115,90.95,88.91,90.5,7979547.0,90.45,89.1
543,2023-08-01,DIS,89.12,89.73,88.46,89.03,13745084.0,88.55,89.03
544,2023-09-01,DIS,82.105,82.23,80.53,81.64,27701889.0,81.9,83.85
545,2023-10-02,DIS,80.92,81.77,80.79,81.67,9128074.0,81.51,81.5
546,2023-11-01,DIS,81.53,81.58,80.18,81.07,9092974.0,81.18,81.51
547,2023-12-01,DIS,92.74,92.84,91.77,92.58,11898169.0,92.5,93.0
548,2023-01-03,COP,116.56,117.9802,111.92,113.12,5424363.0,113.12,119.0
549,2023-02-01,COP,120.71,120.97,115.2,117.7,7282283.0,118.9,121.75
550,2023-03-01,COP,103.73,107.68,103.23,106.25,6064687.0,106.05,103.64
551,2023-04-03,COP,105.13,109.1399,105.01,108.42,12394311.0,108.65,102.05
552,2023-05-01,COP,101.58,103.01,101.13,102.53,3644944.0,102.53,101.54
553,2023-06-01,COP,99.57,100.98,98.38,99.53,5857807.0,99.65,100.0
554,2023-07-03,COP,103.95,104.99,103.63,104.23,2233953.0,104.09,104.12
555,2023-08-01,COP,117.26,117.83,116.19,117.38,3309684.0,117.35,117.5
556,2023-09-01,COP,120.0,122.5,119.97,122.14,6398268.0,122.45,119.99
557,2023-10-02,COP,120.24,120.305,115.96,117.1,4769473.0,117.0,119.81
558,2023-11-01,COP,119.48,119.765,116.49,116.67,8350870.0,116.67,119.34
559,2023-12-01,COP,115.03,117.04,114.85,115.23,4675800.0,115.23,115.9711
560,2023-01-03,TSLA,118.47,118.8,104.64,108.1,231402818.0,107.0,120.02
561,2023-02-01,TSLA,173.89,183.805,169.93,181.41,213761623.0,184.33,173.22
562,2023-03-01,TSLA,206.21,207.2,198.52,202.77,156837790.0,191.3,207.66
563,2023-04-03,TSLA,199.91,202.6897,192.2,194.77,169239000.0,193.2,204.0
564,2023-05-01,TSLA,163.17,163.28,158.83,161.83,109000248.0,160.91,164.3
565,2023-06-01,TSLA,202.59,209.8,199.37,207.52,148029931.0,207.85,203.76
566,2023-07-03,TSLA,276.49,284.25,275.11,279.82,119685880.0,278.88,274.68
567,2023-08-01,TSLA,266.26,266.47,260.25,261.07,83645720.0,258.73,267.38
568,2023-09-01,TSLA,257.26,259.0794,242.01,245.01,132481248.0,245.25,259.1
569,2023-10-02,TSLA,244.81,254.2799,242.62,251.6,123810402.0,251.81,253.33
570,2023-11-01,TSLA,204.04,205.99,197.85,205.66,121661656.0,208.0,201.73
571,2023-12-01,TSLA,233.14,240.19,231.9,238.83,121303661.0,239.31,236.5
572,2023-01-03,PG,150.95,151.71,149.12,151.57,6447341.0,151.42,152.4
573,2023-02-01,PG,142.08,144.095,141.35,143.19,7207973.0,143.19,142.24
574,2023-03-01,PG,138.05,138.33,136.51,137.66,7101801.0,137.3,138.52
575,2023-04-03,PG,148.425,150.07,147.09,149.51,5721680.0,149.3405,148.79
576,2023-05-01,PG,156.03,157.395,155.8,156.57,3844761.0,156.57,156.38
577,2023-06-01,PG,143.25,144.1199,142.45,143.96,6091064.0,143.96,142.97
578,2023-07-03,PG,151.48,152.53,150.47,152.5,3996098.0,152.47,151.35
579,2023-08-01,PG,155.88,157.17,155.87,156.25,5719138.0,155.52,156.25
580,2023-09-01,PG,154.9,155.28,153.56,154.51,4126437.0,154.51,154.51
581,2023-10-02,PG,144.78,145.6,143.9,145.19,5153808.0,145.0,145.76
582,2023-11-01,PG,150.68,150.68,149.21,149.61,5896946.0,149.61,150.08
583,2023-12-01,PG,153.33,153.49,152.23,152.66,5685434.0,152.66,153.14
584,2023-01-03,GE,84.05,85.09,83.54,84.98,6405106.0,84.87,84.01
585,2023-02-01,GE,80.27,82.47,80.01,82.32,7272316.0,82.27,80.3
586,2023-03-01,GE,84.66,85.3637,83.75,84.14,5995956.0,84.2,84.15
587,2023-04-03,GE,95.75,96.94,95.36,96.92,4947651.0,96.43,95.24
588,2023-05-01,GE,99.49,102.0,99.37,101.18,5912435.0,101.0,98.97
589,2023-06-01,GE,101.21,105.17,101.07,104.67,6222706.0,104.99,101.17
590,2023-07-03,GE,109.06,109.33,107.305,108.28,2972029.0,108.07,109.7
591,2023-08-01,GE,113.69,114.2,112.27,113.22,5264517.0,112.9,114.34
592,2023-09-01,GE,115.02,115.46,113.53,114.24,3539620.0,114.1,114.85
593,2023-10-02,GE,110.45,111.2,108.1,108.79,4301080.0,108.72,110.44
594,2023-11-01,GE,108.3,108.33,105.83,107.25,10138747.0,107.52,108.31
595,2023-12-01,GE,121.7,123.25,121.47,122.5,4524030.0,122.7,121.79
596,2023-01-03,ACI,20.81,20.85,20.665,20.7,2855136.0,20.74,20.75
597,2023-02-01,ACI,21.13,21.4,21.12,21.35,2320280.0,21.3,21.2
598,2023-03-01,ACI,19.8,19.98,19.535,19.87,8105523.0,19.6,19.91
599,2023-04-03,ACI,20.86,20.98,20.7906,20.9,3531398.0,20.9,20.82
600,2023-05-01,ACI,20.98,21.05,20.85,21.01,2736047.0,21.0099,20.97
601,2023-06-01,ACI,20.26,20.34,20.025,20.19,4409685.0,20.21,20.36
602,2023-07-03,ACI,21.79,22.0,21.79,21.91,1603507.0,21.99,21.79
603,2023-08-01,ACI,21.73,21.88,21.67,21.86,3230036.0,21.9,21.73
604,2023-09-01,ACI,22.45,22.54,22.37,22.46,2007863.0,22.63,22.45
605,2023-10-02,ACI,22.71,22.79,22.61,22.63,3790302.0,22.63,22.72
606,2023-11-01,ACI,21.75,21.83,21.63,21.76,2716344.0,21.8,21.75
607,2023-12-01,ACI,21.81,21.99,21.695,21.98,3083454.0,21.76,21.81
608,2023-01-03,MET,72.44,72.92,71.6666,72.15,3107157.0,72.15,72.8
609,2023-02-01,MET,72.42,73.28,71.97,72.68,4951219.0,71.37,72.42
610,2023-03-01,MET,71.505,72.715,71.16,71.27,4878173.0,71.27,71.55
611,2023-04-03,MET,58.27,58.83,57.83,57.97,4839986.0,57.97,58.35
612,2023-05-01,MET,60.95,61.8,60.89,61.26,4704805.0,61.14,61.13
613,2023-06-01,MET,49.77,50.75,49.55,50.38,4951395.0,50.18,49.75
614,2023-07-03,MET,56.71,57.81,56.62,57.28,2429083.0,57.28,56.58
615,2023-08-01,MET,62.67,63.02,62.4,62.82,4311369.0,62.82,62.67
616,2023-09-01,MET,63.8,64.56,63.8,64.3,3087138.0,64.3,63.6
617,2023-10-02,MET,62.48,62.76,61.19,61.69,3259487.0,61.7,62.48
618,2023-11-01,MET,60.0,60.34,59.18,59.98,4312435.0,59.99,60.0
619,2023-12-01,MET,63.39,64.18,63.27,63.76,4222664.0,63.76,63.39
620,2023-01-03,GS,345.5,348.6,342.805,346.22,1589777.0,346.91,346.0
621,2023-02-01,GS,359.1,368.94,358.76,365.71,2889433.0,367.58,364.85
622,2023-03-01,GS,349.39,352.54,345.96,346.23,2717354.0,346.17,350.95
623,2023-04-03,GS,326.14,328.98,323.155,326.52,1808836.0,326.52,326.8
624,2023-05-01,GS,344.05,347.46,340.365,340.57,1373381.0,340.9799,344.0
625,2023-06-01,GS,324.51,324.675,314.02,316.4,3339733.0,317.0,325.1
626,2023-07-03,GS,322.41,329.4,322.41,326.61,1106831.0,326.61,323.0
627,2023-08-01,GS,354.0,357.87,353.39,357.72,2024407.0,357.72,355.82
628,2023-09-01,GS,329.67,331.62,326.205,327.4,1201407.0,327.4,329.0
629,2023-10-02,GS,322.03,323.58,317.1,318.5,1303821.0,318.78,323.57
630,2023-11-01,GS,303.33,308.25,302.8371,307.16,2345370.0,307.21,302.45
631,2023-12-01,GS,341.46,348.89,340.42,348.43,3623292.0,348.7,341.46
632,2023-01-03,SYY,76.45,76.61,75.135,75.99,2002471.0,75.99,76.51
633,2023-02-01,SYY,77.88,78.3,76.7,77.92,4640996.0,77.92,77.46
634,2023-03-01,SYY,74.01,75.13,73.79,75.09,1900937.0,75.09,74.57
635,2023-04-03,SYY,77.35,78.35,77.28,78.16,1504468.0,78.19,77.35
636,2023-05-01,SYY,76.88,77.88,76.61,76.82,3616359.0,76.82,76.75
637,2023-06-01,SYY,70.31,71.485,70.12,71.28,3330945.0,71.28,70.29
638,2023-07-03,SYY,73.94,75.32,73.805,75.3,1386867.0,75.3,73.94
639,2023-08-01,SYY,76.92,78.2494,74.31,76.16,4859302.0,76.16,76.7
640,2023-09-01,SYY,69.88,70.54,69.86,70.29,2007519.0,70.29,69.88
641,2023-10-02,SYY,66.005,66.005,64.9,65.18,2450720.0,65.18,66.005
642,2023-11-01,SYY,66.36,66.39,65.47,65.65,4885904.0,65.65,66.36
643,2023-12-01,SYY,72.4,72.905,72.02,72.8,2985586.0,72.8,72.4
644,2023-01-03,RTX,100.99,101.225,100.095,100.81,3532334.0,100.8,101.6
645,2023-02-01,RTX,99.93,99.99,97.6,98.42,5155053.0,98.5,99.85
646,2023-03-01,RTX,98.04,98.57,97.5,98.04,3740060.0,98.04,98.1169
647,2023-04-03,RTX,98.27,100.8434,98.1,100.58,4312515.0,100.38,97.9
648,2023-05-01,RTX,99.93,101.38,99.835,100.33,3481409.0,100.3299,99.93
649,2023-06-01,RTX,92.28,94.14,92.25,94.09,5636407.0,94.25,92.28
650,2023-07-03,RTX,97.49,98.835,97.32,98.39,2149917.0,98.4,98.0
651,2023-08-01,RTX,87.15,88.21,87.07,87.97,6787277.0,87.49,87.89
652,2023-09-01,RTX,86.61,86.685,85.89,86.28,2583192.0,86.0,86.3
653,2023-10-02,RTX,71.74,71.945,70.9,71.34,6791279.0,71.15,72.07
654,2023-11-01,RTX,82.0,82.8,81.325,82.15,20200195.0,82.21,81.1
655,2023-12-01,RTX,81.48,82.405,81.37,82.32,5487381.0,82.29,81.44
656,2023-01-03,BA,192.95,197.175,192.4,195.39,8624570.0,195.4,192.82
657,2023-02-01,BA,212.11,218.97,211.9,214.75,8462076.0,215.87,211.9
658,2023-03-01,BA,201.47,205.435,200.85,204.55,4401066.0,204.3,201.94
659,2023-04-03,BA,212.8,218.57,212.53,215.39,6085935.0,215.2,212.0
660,2023-05-01,BA,206.25,208.52,203.62,203.87,3776842.0,203.9,206.18
661,2023-06-01,BA,206.46,210.23,206.0,207.96,5125109.0,207.99,205.84
662,2023-07-03,BA,210.5,212.1686,210.24,210.92,2143048.0,210.99,210.95
663,2023-08-01,BA,237.55,243.1,237.31,238.01,4983841.0,237.3,238.0
664,2023-09-01,BA,226.0,226.23,221.95,223.4,3658370.0,223.47,224.45
665,2023-10-02,BA,191.47,192.44,186.93,187.83,5244743.0,187.96,192.2
666,2023-11-01,BA,189.69,190.7799,187.501,189.38,5832248.0,189.28,186.62
667,2023-12-01,BA,231.77,235.38,231.38,233.87,6956205.0,234.86,231.35
668,2023-01-03,SNEX,63.4133,64.0067,62.7933,63.6,115471.5,63.6,63.4133
669,2023-02-01,SNEX,58.2933,59.4733,58.0225,58.7933,149625.0,58.7933,58.2933
670,2023-03-01,SNEX,67.02,68.4667,67.02,68.4,182977.5,68.4,67.02
671,2023-04-03,SNEX,69.26,69.42,67.6267,68.0267,190857.0,68.0267,69.26
672,2023-05-01,SNEX,65.32,66.36,65.32,66.2467,106320.0,66.2467,65.32
673,2023-06-01,SNEX,53.6333,53.6867,52.9791,53.1533,134779.5,53.1533,53.6333
674,2023-07-03,SNEX,55.2267,56.0667,55.2267,55.6467,39013.5,55.8,55.2267
675,2023-08-01,SNEX,61.04,62.1433,60.8267,62.0667,63649.5,62.1,61.04
676,2023-09-01,SNEX,62.62,63.6,62.3933,62.82,96546.0,62.7533,62.82
677,2023-10-02,SNEX,64.1333,64.8333,63.1601,64.2533,87819.0,64.28,64.1333
678,2023-11-01,SNEX,63.34,63.9867,62.34,63.68,108522.0,63.68,63.34
679,2023-12-01,SNEX,60.65,61.87,60.65,61.15,534736.0,61.15,60.65
680,2023-01-03,LMT,483.39,484.25,474.01,477.53,1657329.0,477.53,489.0
681,2023-02-01,LMT,462.51,465.28,459.8,462.25,1242598.0,463.02,462.51
682,2023-03-01,LMT,473.27,477.215,471.29,474.33,957722.0,474.33,473.27
683,2023-04-03,LMT,473.0,487.9004,472.75,486.62,1656866.0,486.5,473.0
684,2023-05-01,LMT,465.04,471.08,464.55,469.43,1524523.0,469.43,466.44
685,2023-06-01,LMT,445.6,450.78,443.4201,449.67,878677.0,450.05,445.6
686,2023-07-03,LMT,460.0,463.33,457.55,462.58,385446.0,462.6,461.0
687,2023-08-01,LMT,447.03,453.12,446.9,451.28,1048012.0,453.6,446.0
688,2023-09-01,LMT,450.32,451.89,447.78,448.18,668746.0,448.18,449.51
689,2023-10-02,LMT,408.96,410.9899,405.89,407.82,733257.0,407.82,408.96
690,2023-11-01,LMT,456.33,456.7,451.46,452.38,1267032.0,453.0,453.78
691,2023-12-01,LMT,448.4,450.66,448.15,449.41,856928.0,449.28,449.0
692,2023-01-03,MS,85.635,86.6,84.98,85.72,5108896.0,85.56,85.9
693,2023-02-01,MS,96.95,99.06,96.93,98.19,9815157.0,98.59,97.22
694,2023-03-01,MS,95.96,96.76,95.26,96.19,5429605.0,96.19,96.72
695,2023-04-03,MS,87.95,88.32,86.67,87.16,7728626.0,86.91,87.9
696,2023-05-01,MS,90.19,90.52,87.83,87.93,7745447.0,88.04,90.01
697,2023-06-01,MS,82.58,82.84,81.47,82.07,6857451.0,82.15,82.28
698,2023-07-03,MS,86.34,87.655,85.84,86.41,5839318.0,86.75,85.6
699,2023-08-01,MS,91.2,91.43,90.63,90.94,4468883.0,90.55,91.4
700,2023-09-01,MS,86.0,86.45,85.285,85.75,4981833.0,85.61,85.65
701,2023-10-02,MS,81.1,81.465,79.9,80.41,6722197.0,80.23,81.9399
702,2023-11-01,MS,71.17,71.91,70.7,70.95,9429031.0,71.21,70.78
703,2023-12-01,MS,79.08,80.98,78.74,80.89,9617106.0,81.0,79.53
704,2023-01-03,INTC,27.045,27.07,26.37,26.73,31307955.0,26.8,26.43
705,2023-02-01,INTC,27.89,29.43,27.68,29.07,63330567.0,29.11,28.17
706,2023-03-01,INTC,25.03,25.92,24.97,25.33,47823397.0,25.42,25.03
707,2023-04-03,INTC,32.94,33.56,32.54,32.89,57038344.0,32.83,32.67
708,2023-05-01,INTC,31.11,31.24,30.28,30.3,36918529.0,30.24,30.5
709,2023-06-01,INTC,31.8,31.94,31.02,31.13,52667268.0,31.2,31.92
710,2023-07-03,INTC,33.54,33.89,33.14,33.62,15752979.0,33.55,33.5
711,2023-08-01,INTC,35.82,36.02,35.28,35.8,24743393.0,35.6,35.8
712,2023-09-01,INTC,35.79,36.75,35.73,36.61,43694478.0,36.61,35.26
713,2023-10-02,INTC,35.61,35.975,34.98,35.46,26086163.0,35.38,35.66
714,2023-11-01,INTC,36.5,37.315,36.28,37.29,41710705.0,37.37,36.21
715,2023-12-01,INTC,44.36,44.36,42.86,43.74,43928371.0,43.77,44.6
716,2023-01-03,HPQ,27.0,27.25,26.575,26.75,6467297.0,26.51,26.97
717,2023-02-01,HPQ,29.04,29.925,28.9,29.87,5698738.0,29.98,29.13
718,2023-03-01,HPQ,29.96,29.97,28.715,28.86,10330675.0,29.2813,30.0
719,2023-04-03,HPQ,29.34,29.97,29.27,29.89,6518949.0,29.59,29.18
720,2023-05-01,HPQ,29.86,30.24,29.81,29.96,4737956.0,30.31,29.81
721,2023-06-01,HPQ,29.27,29.95,28.81,29.42,15653090.0,29.38,29.15
722,2023-07-03,HPQ,30.7,30.865,30.57,30.75,3743141.0,30.75,30.69
723,2023-08-01,HPQ,32.57,33.05,32.545,32.95,3947246.0,32.85,32.56
724,2023-09-01,HPQ,29.95,30.665,29.84,30.37,9619782.0,30.23,29.87
725,2023-10-02,HPQ,25.64,26.035,25.56,25.67,8547429.0,25.67,25.66
726,2023-11-01,HPQ,26.41,26.59,26.22,26.48,5966498.0,26.71,26.2
727,2023-12-01,HPQ,29.11,29.58,28.55,29.5,9599723.0,29.51,29.26
728,2023-01-03,SNX,95.41,96.86,95.1,96.61,247710.0,96.61,95.41
729,2023-02-01,SNX,101.85,104.38,101.85,104.16,471082.0,104.25,101.85
730,2023-03-01,SNX,96.91,97.54,96.32,96.84,289581.0,96.84,96.91
731,2023-04-03,SNX,96.3,97.3,95.45,96.22,529890.0,96.22,96.3
732,2023-05-01,SNX,89.96,90.745,89.235,89.57,315702.0,89.57,89.96
733,2023-06-01,SNX,89.31,89.96,88.765,89.32,212269.0,89.32,89.31
734,2023-07-03,SNX,92.63,93.23,91.985,92.54,299410.0,92.52,92.63
735,2023-08-01,SNX,98.42,98.86,97.91,98.58,218612.0,98.56,98.42
736,2023-09-01,SNX,102.5,103.82,102.42,102.91,380835.0,102.91,102.5
737,2023-10-02,SNX,99.9,100.61,98.735,98.89,451924.0,98.89,99.9
738,2023-11-01,SNX,91.33,93.07,91.19,93.0,654323.0,93.0,92.25
739,2023-12-01,SNX,98.63,98.84,97.9,98.72,437113.0,98.72,98.63
740,2023-01-03,IBM,141.1,141.9,140.48,141.55,3338829.0,141.61,141.53
741,2023-02-01,IBM,134.49,135.79,132.8,135.09,5428898.0,135.25,134.56
742,2023-03-01,IBM,128.9,129.4726,127.74,128.19,3760678.0,128.58,129.32
743,2023-04-03,IBM,130.97,132.61,130.77,132.06,3840139.0,132.0,131.2
744,2023-05-01,IBM,126.35,126.75,126.06,126.09,2724992.0,126.04,126.93
745,2023-06-01,IBM,128.44,130.145,127.78,129.82,4136086.0,130.0,128.4973
746,2023-07-03,IBM,133.42,134.35,132.87,133.67,1477149.0,133.59,133.618
747,2023-08-01,IBM,144.25,144.48,142.17,143.33,4798703.0,142.81,143.46
748,2023-09-01,IBM,147.26,148.1,146.92,147.94,2727796.0,147.88,147.25
749,2023-10-02,IBM,140.04,141.45,139.86,140.8,3275461.0,140.9824,141.0
750,2023-11-01,IBM,145.0,146.51,144.45,145.4,4750081.0,145.69,144.64
751,2023-12-01,IBM,158.41,160.59,158.0,160.55,4871860.0,160.77,158.6
752,2023-01-03,HCA,241.67,245.94,239.435,243.21,1058334.0,243.21,241.67
753,2023-02-01,HCA,252.08,264.62,250.24,261.46,1575909.0,262.0,251.21
754,2023-03-01,HCA,241.81,245.19,240.0,244.3,917935.0,244.3,241.81
755,2023-04-03,HCA,262.94,264.84,261.39,264.16,822977.0,264.16,263.66
756,2023-05-01,HCA,287.91,289.7,283.43,284.01,980392.0,284.01,289.45
757,2023-06-01,HCA,264.32,268.51,263.69,267.87,895206.0,267.87,264.32
758,2023-07-03,HCA,300.44,301.365,292.02,297.58,932864.0,298.77,300.44
759,2023-08-01,HCA,273.1,277.6,272.51,273.87,1272968.0,273.87,273.1
760,2023-09-01,HCA,279.1,280.999,278.16,280.81,966918.0,280.81,279.1
761,2023-10-02,HCA,245.6,247.395,244.19,247.21,1294687.0,247.21,250.0
762,2023-11-01,HCA,225.0,226.22,223.73,225.36,1158066.0,225.36,225.0
763,2023-12-01,HCA,250.47,253.56,250.0,252.36,980525.0,252.36,250.47
764,2023-01-03,PRU,100.03,100.5,98.77,99.48,1590679.0,99.48,100.03
765,2023-02-01,PRU,104.0,105.31,103.15,104.26,1412076.0,104.26,104.0
766,2023-03-01,PRU,100.01,101.5,99.63,99.95,1683595.0,100.46,99.99
767,2023-04-03,PRU,82.75,83.49,82.34,82.43,2309952.0,82.43,82.55
768,2023-05-01,PRU,86.5,87.4,86.19,86.31,1652702.0,86.31,87.5
769,2023-06-01,PRU,79.43,80.53,78.53,80.13,2123046.0,80.25,79.43
770,2023-07-03,PRU,88.45,89.72,88.3621,89.15,799016.0,89.65,88.45
771,2023-08-01,PRU,96.68,96.9,95.8,96.34,1835539.0,95.75,96.0
772,2023-09-01,PRU,95.62,96.255,95.355,96.09,1367340.0,96.0973,95.62
773,2023-10-02,PRU,94.19,94.76,92.5,93.38,1270758.0,93.38,94.19
774,2023-11-01,PRU,91.72,91.76,89.95,91.32,2238840.0,91.0,91.45
775,2023-12-01,PRU,97.42,98.13,96.95,97.74,1774155.0,98.0,97.42
776,2023-01-03,CAT,240.68,240.68,236.2,238.88,2651884.0,238.8,240.0
777,2023-02-01,CAT,251.75,252.7,245.31,249.54,6022012.0,249.99,251.28
778,2023-03-01,CAT,242.01,249.7,241.57,248.67,4117683.0,248.31,241.95
779,2023-04-03,CAT,230.01,233.85,228.86,229.87,2242533.0,229.87,230.05
780,2023-05-01,CAT,219.342,221.96,216.53,217.27,2876412.0,217.03,218.0
781,2023-06-01,CAT,207.68,210.57,206.04,209.07,2989150.0,209.5,206.29
782,2023-07-03,CAT,245.95,248.39,245.27,247.33,1045746.0,247.9,246.04
783,2023-08-01,CAT,272.75,288.78,270.5,288.65,11830412.0,287.12,264.97
784,2023-09-01,CAT,284.8,287.07,283.65,286.25,2336591.0,286.25,282.95
785,2023-10-02,CAT,272.64,276.81,270.24,271.72,1778235.0,271.8,273.09
786,2023-11-01,CAT,225.11,232.65,223.9244,231.83,4932814.0,231.9,224.5
787,2023-12-01,CAT,251.91,257.44,251.01,256.76,3731480.0,257.0,250.72
788,2023-01-03,MRK,110.41,111.2,109.49,111.14,8062576.0,111.9,111.0
789,2023-02-01,MRK,106.97,107.4262,106.08,106.98,10103248.0,107.5,106.74
790,2023-03-01,MRK,105.96,107.55,105.96,106.65,6099042.0,106.65,106.5
791,2023-04-03,MRK,105.95,109.48,105.57,108.87,6964147.0,108.87,106.38
792,2023-05-01,MRK,115.8,116.6,115.27,116.34,5238899.0,116.34,115.41
793,2023-06-01,MRK,110.66,111.59,109.88,110.93,6960063.0,110.99,111.0
794,2023-07-03,MRK,114.47,114.62,113.53,114.33,2834639.0,114.33,115.0
795,2023-08-01,MRK,109.6,109.6,105.14,105.28,10012169.0,105.15,106.74
796,2023-09-01,MRK,109.65,110.37,109.25,109.84,4941343.0,109.79,109.22
797,2023-10-02,MRK,102.83,102.83,101.35,102.55,7079859.0,102.58,103.0
798,2023-11-01,MRK,103.55,104.23,102.73,102.85,5838081.0,102.85,102.7
799,2023-12-01,MRK,102.85,103.6761,102.66,103.46,6863429.0,104.0001,102.54
800,2023-01-03,INT,27.3,27.37,26.31,26.55,303083.0,26.55,27.3
801,2023-02-01,INT,28.3,28.6,28.04,28.13,789675.0,28.13,28.3
802,2023-03-01,INT,27.45,27.76,26.89,27.13,531113.0,27.13,27.45
803,2023-04-03,INT,26.06,26.4,25.8,26.32,709756.0,26.32,26.38
804,2023-05-01,INT,23.44,23.825,23.44,23.79,342978.0,23.79,23.44
805,2023-06-01,INT,22.98,23.33,22.84,23.21,214507.0,23.21,22.98
806,2023-01-03,EPD,24.08,24.3988,24.03,24.23,4814927.0,24.3,24.1
807,2023-02-01,EPD,25.6,25.84,25.385,25.68,5264143.0,25.7,25.99
808,2023-03-01,EPD,25.57,25.735,25.51,25.62,3057367.0,25.6,25.6
809,2023-04-03,EPD,26.24,26.35,25.98,26.11,5296512.0,26.26,25.9
810,2023-05-01,EPD,26.23,26.5,26.2108,26.3,4172395.0,26.32,26.1
811,2023-06-01,EPD,25.35,25.7,25.35,25.66,3148547.0,25.67,25.35
812,2023-07-03,EPD,26.36,26.6,26.34,26.54,1650267.0,26.5103,26.3
813,2023-08-01,EPD,26.25,26.76,26.045,26.7,11222758.0,26.45,26.45
814,2023-09-01,EPD,26.72,26.8,26.61,26.71,3101421.0,26.84,26.84
815,2023-10-02,EPD,27.35,27.385,27.01,27.2,8500124.0,27.18,27.5
816,2023-11-01,EPD,26.0,26.28,25.805,25.97,6670214.0,25.99,26.11
817,2023-12-01,EPD,26.75,27.0,26.71,26.91,3748058.0,26.9008,26.77
818,2023-01-03,ABBV,162.04,163.02,160.81,162.38,4937722.0,162.38,162.18
819,2023-02-01,ABBV,146.63,147.44,145.25,146.6,5439922.0,146.99,147.59
820,2023-03-01,ABBV,152.76,155.58,152.37,155.27,5485959.0,152.3,154.38
821,2023-04-03,ABBV,158.25,160.47,157.7915,160.42,4389371.0,159.87,159.7585
822,2023-05-01,ABBV,150.84,154.71,150.82,153.71,5601024.0,153.6,150.55
823,2023-06-01,ABBV,135.26,135.26,131.1,133.44,11895561.0,133.45,138.6
824,2023-07-03,ABBV,134.0,135.43,133.15,135.01,2674576.0,134.73,134.73
825,2023-08-01,ABBV,150.0,150.87,147.84,148.54,4409838.0,147.0,149.49
826,2023-09-01,ABBV,147.36,148.89,147.36,148.2,3357992.0,148.2,147.74
827,2023-10-02,ABBV,148.47,148.86,146.72,148.25,3827857.0,148.25,148.59
828,2023-11-01,ABBV,141.86,143.71,141.75,142.47,4207824.0,142.47,141.2
829,2023-12-01,ABBV,142.54,144.1,142.2801,143.41,4903432.0,143.41,143.0
830,2023-01-03,PAGP,12.4,12.495,12.07,12.19,2098975.0,12.19,12.4
831,2023-02-01,PAGP,13.07,13.26,12.8,13.18,3383658.0,13.18,13.07
832,2023-03-01,PAGP,13.84,13.88,13.61,13.8,3424233.0,13.8,13.99
833,2023-04-03,PAGP,13.52,13.7227,13.445,13.69,3923469.0,13.69,13.31
834,2023-05-01,PAGP,13.36,13.485,13.28,13.41,1779522.0,13.39,13.45
835,2023-06-01,PAGP,13.63,13.82,13.51,13.78,2204408.0,13.83,13.62
836,2023-07-03,PAGP,14.84,14.995,14.81,14.93,917105.0,14.92,14.84
837,2023-08-01,PAGP,15.65,15.65,15.34,15.45,3670782.0,15.7229,15.69
838,2023-09-01,PAGP,16.2,16.2507,16.1,16.19,1210745.0,16.49,16.14
839,2023-10-02,PAGP,16.14,16.16,15.91,15.99,2709320.0,15.97,16.25
840,2023-11-01,PAGP,15.79,15.94,15.6,15.87,2260301.0,15.87,15.79
841,2023-12-01,PAGP,16.14,16.34,16.08,16.34,1917970.0,16.34,16.2
842,2023-01-03,DOW,50.6,51.15,50.31,51.04,3962601.0,51.04,50.8
843,2023-02-01,DOW,59.28,60.715,58.8,60.22,5645064.0,60.15,59.0377
844,2023-03-01,DOW,57.29,58.655,57.23,58.02,4535117.0,58.02,57.34
845,2023-04-03,DOW,55.22,56.11,55.015,55.33,6588845.0,55.35,55.09
846,2023-05-01,DOW,54.46,54.62,53.825,54.11,4013174.0,54.24,54.47
847,2023-06-01,DOW,49.0,49.345,48.51,49.0,4573854.0,49.26,48.93
848,2023-07-03,DOW,53.25,53.99,53.23,53.78,2228479.0,53.7002,53.25
849,2023-08-01,DOW,56.25,56.42,55.54,55.78,5565897.0,55.4,56.1915
850,2023-09-01,DOW,55.03,55.56,54.76,55.29,4335687.0,55.29,54.99
851,2023-10-02,DOW,51.29,51.66,50.74,51.3,4690974.0,51.3,51.29
852,2023-11-01,DOW,48.24,48.425,47.6,48.21,4703010.0,48.05,48.38
853,2023-12-01,DOW,51.8,52.62,51.57,52.3,4274011.0,52.3,51.85
854,2023-01-03,AIG,63.45,63.87,62.62,62.93,3363521.0,62.93,63.9
855,2023-02-01,AIG,62.55,62.76,60.83,61.23,6371786.0,61.2899,62.55
856,2023-03-01,AIG,61.16,61.74,60.83,60.96,4360076.0,60.96,61.16
857,2023-04-03,AIG,50.46,50.84,50.0599,50.42,4324768.0,50.41,50.6
858,2023-05-01,AIG,52.59,53.72,52.51,53.09,2789567.0,53.08,53.0
859,2023-06-01,AIG,53.27,53.89,53.07,53.74,3836440.0,53.74,53.1
860,2023-07-03,AIG,57.55,58.435,57.55,57.94,2257880.0,57.94,57.55
861,2023-08-01,AIG,60.39,60.46,59.96,60.38,3819500.0,60.36,60.16
862,2023-09-01,AIG,58.88,59.6,58.88,59.24,1995454.0,59.24,58.69
863,2023-10-02,AIG,60.44,60.58,59.39,60.05,2982902.0,60.05,60.44
864,2023-11-01,AIG,61.71,62.42,61.31,62.05,4790319.0,61.9,61.52
865,2023-12-01,AIG,65.67,66.47,65.45,65.97,3438950.0,65.97,65.82
866,2023-01-03,AXP,149.54,150.45,145.73,147.12,2762338.0,146.7199,149.0
867,2023-02-01,AXP,173.38,175.12,171.93,173.61,3725218.0,174.3799,174.01
868,2023-03-01,AXP,173.51,177.2,173.01,175.91,2566454.0,175.9,174.42
869,2023-04-03,AXP,164.11,165.24,162.68,163.78,2704361.0,163.38,164.7549
870,2023-05-01,AXP,161.85,161.85,158.68,159.32,1803622.0,159.16,161.34
871,2023-06-01,AXP,159.06,163.99,158.23,162.72,4087197.0,163.2,158.89
872,2023-07-03,AXP,174.3,176.325,173.7,175.44,1700165.0,175.44,174.73
873,2023-08-01,AXP,167.95,169.805,167.26,169.65,2341377.0,168.45,167.9747
874,2023-09-01,AXP,159.07,160.16,158.71,159.62,2195658.0,159.7799,158.5
875,2023-10-02,AXP,148.42,149.9,148.072,149.48,2657671.0,149.48,149.1
876,2023-11-01,AXP,146.49,146.815,145.1423,146.45,2332560.0,146.58,144.73
877,2023-12-01,AXP,170.67,174.335,170.31,173.76,3412216.0,173.61,168.9
878,2023-01-03,CHTR,342.06,345.53,337.18,341.58,1524126.0,341.58,342.06
879,2023-02-01,CHTR,381.23,401.51,380.28,398.68,1590242.0,398.83,382.33
880,2023-03-01,CHTR,365.28,371.36,360.1,362.54,1156353.0,362.99,365.28
881,2023-04-03,CHTR,358.98,358.98,351.84,356.21,923235.0,354.2,358.38
882,2023-05-01,CHTR,368.64,374.42,365.125,366.51,1298786.0,366.68,368.7
883,2023-06-01,CHTR,328.15,330.32,319.07,328.02,961134.0,328.02,326.15
884,2023-07-03,CHTR,366.24,369.83,364.48,368.2,554762.0,369.51,367.46
885,2023-08-01,CHTR,404.26,414.85,401.33,411.23,1677269.0,411.23,405.0
886,2023-09-01,CHTR,423.2,433.26,420.0,422.32,1580783.0,421.02,435.23
887,2023-10-02,CHTR,440.13,446.03,435.0,438.5,976316.0,438.5,440.13
888,2023-11-01,CHTR,402.85,411.725,400.92,406.51,1059178.0,406.51,398.72
889,2023-12-01,CHTR,400.13,403.3,396.16,401.87,920765.0,401.87,400.13
890,2023-01-03,TSN,62.95,63.845,62.52,63.6,3444792.0,63.83,62.83
891,2023-02-01,TSN,65.39,65.595,64.07,65.13,2575898.0,65.13,65.16
892,2023-03-01,TSN,58.99,59.56,58.51,59.29,3091417.0,59.0,59.5
893,2023-04-03,TSN,59.22,59.63,58.77,59.41,2778441.0,59.4,59.38
894,2023-05-01,TSN,62.54,63.28,62.305,62.33,2185297.0,63.3,62.69
895,2023-06-01,TSN,51.12,51.12,50.39,50.61,3327905.0,50.62,50.53
896,2023-07-03,TSN,51.39,52.17,51.2,51.81,1491832.0,51.8098,51.18
897,2023-08-01,TSN,55.72,55.895,55.21,55.32,2510664.0,55.82,55.52
898,2023-09-01,TSN,53.33,53.74,52.38,52.59,4751011.0,52.59,53.33
899,2023-10-02,TSN,50.25,50.25,48.64,49.24,2820181.0,49.01,50.074
900,2023-11-01,TSN,46.5,46.66,45.99,46.47,2980994.0,46.47,46.34
901,2023-12-01,TSN,46.78,48.305,46.78,48.2,2506970.0,48.25,46.9
902,2023-01-03,DE,428.0,428.16,420.2,424.29,1166520.0,424.29,429.01
903,2023-02-01,DE,422.04,429.825,418.5,426.99,1112216.0,426.73,422.04
904,2023-03-01,DE,418.34,423.85,416.805,419.75,1354162.0,419.42,422.0702
905,2023-04-03,DE,413.05,419.4,413.05,414.99,1632336.0,414.06,412.9
906,2023-05-01,DE,379.95,384.6212,379.43,382.12,1184131.0,382.12,378.65
907,2023-06-01,DE,349.23,355.66,346.83,352.57,2116838.0,354.4992,347.25
908,2023-07-03,DE,402.23,407.31,399.72,406.48,652570.0,406.48,400.0
909,2023-08-01,DE,431.35,438.8,430.01,433.44,1116353.0,432.0,430.18
910,2023-09-01,DE,414.67,419.4,414.58,418.9,1249731.0,418.9,412.6
911,2023-10-02,DE,379.19,380.63,370.55,373.84,1989775.0,373.84,377.21
912,2023-11-01,DE,364.88,372.37,361.36,370.47,1073059.0,370.47,364.88
913,2023-12-01,DE,364.91,370.91,363.57,368.81,1764888.0,368.81,365.0
914,2023-01-03,CSCO,47.86,48.05,47.31,47.94,17718894.0,48.2,48.1
915,2023-02-01,CSCO,48.39,48.9,47.505,48.57,19639432.0,48.24,48.54
916,2023-03-01,CSCO,48.44,48.59,48.02,48.34,13049316.0,48.41,48.54
917,2023-04-03,CSCO,52.06,52.56,51.99,52.31,16884635.0,52.3,52.27
918,2023-05-01,CSCO,47.2,47.52,47.125,47.34,13122321.0,47.29,47.35
919,2023-06-01,CSCO,49.76,50.085,49.2609,49.74,17816965.0,49.79,49.7
920,2023-07-03,CSCO,51.36,51.83,51.33,51.82,7338268.0,51.75,51.82
921,2023-08-01,CSCO,52.57,52.78,52.305,52.66,15287771.0,52.56,52.22
922,2023-09-01,CSCO,57.39,58.185,57.39,57.84,14080410.0,57.85,57.4
923,2023-10-02,CSCO,53.84,54.4,53.81,54.39,13934004.0,54.4,53.92
924,2023-11-01,CSCO,52.04,52.28,51.8,52.19,14300654.0,52.29,51.83
925,2023-12-01,CSCO,48.28,48.78,48.02,48.47,18744694.0,48.65,48.37
926,2023-01-03,ALL,135.54,137.22,135.21,136.66,1248340.0,136.66,135.54
927,2023-02-01,ALL,127.45,128.85,126.07,128.16,1794123.0,128.16,127.63
928,2023-03-01,ALL,128.15,128.7499,126.8601,127.61,1681552.0,127.61,128.15
929,2023-04-03,ALL,112.68,115.31,112.205,114.25,2381580.0,114.25,110.82
930,2023-05-01,ALL,115.55,117.25,115.39,115.86,1188792.0,115.86,115.55
931,2023-06-01,ALL,108.2,109.95,106.32,109.2,1618882.0,109.2,107.45
932,2023-07-03,ALL,108.97,111.74,108.88,110.51,952119.0,110.51,108.97
933,2023-08-01,ALL,112.44,113.36,111.54,113.03,1459678.0,111.6,112.2
934,2023-09-01,ALL,108.59,110.91,108.145,110.56,1330026.0,110.56,108.59
935,2023-10-02,ALL,110.93,111.48,110.03,110.91,1337990.0,110.91,110.93
936,2023-11-01,ALL,129.0,130.48,127.59,129.75,2992484.0,135.11,129.0
937,2023-12-01,ALL,136.94,138.0,136.53,137.68,1033490.0,137.68,136.94
938,2023-01-03,DAL,33.25,33.55,32.335,32.61,8640189.0,32.65,33.81
939,2023-02-01,DAL,38.84,40.075,38.5997,39.89,10781444.0,39.91,39.03
940,2023-03-01,DAL,38.34,38.67,38.01,38.51,5983247.0,38.53,38.59
941,2023-04-03,DAL,34.48,34.85,34.1601,34.39,9275486.0,34.4,34.93
942,2023-05-01,DAL,34.43,35.1601,34.18,34.72,9901412.0,34.51,34.3
943,2023-06-01,DAL,36.42,36.805,36.0,36.38,7769012.0,36.38,36.5
944,2023-07-03,DAL,47.44,48.17,47.44,47.96,6305652.0,47.99,47.5
945,2023-08-01,DAL,45.74,45.75,44.26,45.4,9019053.0,45.19,46.15
946,2023-09-01,DAL,43.1,43.19,42.34,42.86,5200316.0,42.83,42.87
947,2023-10-02,DAL,36.97,37.2,36.3,36.45,5799811.0,36.45,37.3
948,2023-11-01,DAL,31.39,31.5978,30.835,31.11,9336733.0,31.25,31.26
949,2023-12-01,DAL,36.98,38.12,36.973,38.05,11014210.0,38.15,37.0
950,2023-01-03,TJX,79.73,79.98,78.545,79.01,4264850.0,79.01,80.0
951,2023-02-01,TJX,81.99,82.7685,81.03,82.42,5355579.0,82.43,81.99
952,2023-03-01,TJX,76.11,76.91,75.735,76.86,5513012.0,76.5169,76.75
953,2023-04-03,TJX,78.09,78.88,78.0,78.86,4464540.0,78.62,78.59
954,2023-05-01,TJX,79.04,79.13,77.971,78.32,3607573.0,78.46,78.82
955,2023-06-01,TJX,76.44,77.12,76.285,76.65,5223803.0,76.65,76.12
956,2023-07-03,TJX,84.41,84.9,84.24,84.24,2181849.0,84.52,84.71
957,2023-08-01,TJX,86.53,87.241,86.22,86.37,3963497.0,86.37,86.25
958,2023-09-01,TJX,92.5,92.8,92.04,92.64,4450876.0,91.85,92.98
959,2023-10-02,TJX,88.55,89.605,88.35,88.68,4685752.0,88.68,88.5
960,2023-11-01,TJX,88.55,88.7,87.22,88.06,5079825.0,88.06,88.04
961,2023-12-01,TJX,88.31,89.39,87.92,89.04,4964630.0,89.08,88.1
962,2023-01-03,PGR,129.37,130.21,128.85,130.14,1502886.0,130.14,129.37
963,2023-02-01,PGR,135.47,139.18,135.35,137.98,3088017.0,137.98,135.47
964,2023-03-01,PGR,142.9,143.65,141.57,142.23,2346551.0,141.64,140.22
965,2023-04-03,PGR,142.74,145.4762,142.74,145.1,1968814.0,145.1,144.14
966,2023-05-01,PGR,136.28,137.34,135.45,135.89,1774058.0,135.89,136.52
967,2023-06-01,PGR,128.27,128.49,126.16,128.33,2978878.0,128.33,127.52
968,2023-07-03,PGR,132.05,133.1275,131.08,132.59,1131800.0,132.59,132.39
969,2023-08-01,PGR,126.42,127.94,125.11,127.42,2729417.0,127.42,125.98
970,2023-09-01,PGR,134.37,135.885,133.42,135.48,1357751.0,135.48,133.47
971,2023-10-02,PGR,138.89,139.54,137.59,138.97,1795693.0,139.3,140.77
972,2023-11-01,PGR,159.0,160.62,157.91,159.61,2264439.0,162.85,158.93
973,2023-12-01,PGR,164.16,164.85,162.24,162.46,2630042.0,162.46,164.16
974,2023-01-03,AAL,12.91,13.0,12.525,12.74,21865070.0,12.74,12.8
975,2023-02-01,AAL,16.04,16.72,15.92,16.69,26925305.0,16.67,16.06
976,2023-03-01,AAL,15.93,16.05,15.75,16.03,11730531.0,16.06,15.99
977,2023-04-03,AAL,14.52,14.62,14.28,14.42,14317355.0,14.37,14.85
978,2023-05-01,AAL,13.6,14.03,13.52,13.89,29085810.0,13.85,13.59
979,2023-06-01,AAL,14.87,14.88,14.61,14.7,21239146.0,14.71,14.91
980,2023-07-03,AAL,17.86,18.18,17.82,18.1,12883696.0,18.1,17.94
981,2023-08-01,AAL,16.54,16.54,15.94,16.23,31412585.0,16.16,16.75
982,2023-09-01,AAL,14.8,14.84,14.59,14.68,14755517.0,14.69,14.77
983,2023-10-02,AAL,12.84,13.1,12.68,12.75,38342694.0,12.76,12.94
984,2023-11-01,AAL,11.11,11.215,10.98,11.14,30449529.0,11.18,11.13
985,2023-12-01,AAL,12.46,13.06,12.44,13.02,48885261.0,13.02,12.43
986,2023-01-03,PFGC,58.73,58.9,56.67,56.89,1063110.0,56.89,58.73
987,2023-02-01,PFGC,61.26,63.01,61.125,62.67,1254793.0,62.67,61.26
988,2023-03-01,PFGC,56.31,57.33,56.05,57.3,1120037.0,57.3,56.31
989,2023-04-03,PFGC,60.16,60.775,59.96,60.66,773445.0,60.66,60.16
990,2023-05-01,PFGC,62.8,63.22,61.855,62.03,1042473.0,62.03,62.69
991,2023-06-01,PFGC,55.18,55.88,55.01,55.65,1349011.0,55.65,55.29
992,2023-07-03,PFGC,60.14,60.91,60.1,60.86,527800.0,60.86,60.14
993,2023-08-01,PFGC,59.5,60.94,59.41,60.44,808106.0,60.45,59.76
994,2023-09-01,PFGC,62.27,62.98,62.22,62.34,704622.0,62.34,62.19
995,2023-10-02,PFGC,58.87,59.39,58.4,58.73,847848.0,58.73,58.86
996,2023-11-01,PFGC,57.74,58.81,57.39,58.6,922668.0,58.6,57.41
997,2023-12-01,PFGC,65.06,65.7,64.66,65.3,825907.0,65.3,65.06
998,2023-01-03,PBF,40.34,40.97,37.5004,37.56,3015126.0,37.01,40.78
999,2023-02-01,PBF,41.83,42.0899,38.713,40.2,2940573.0,40.2,41.55
1000,2023-03-01,PBF,43.89,47.25,43.75,46.93,2823249.0,46.93,43.47
1001,2023-04-03,PBF,45.3,45.43,41.73,43.35,3693118.0,43.21,44.0
1002,2023-05-01,PBF,34.29,35.29,34.13,35.19,2008783.0,35.19,34.51
1003,2023-06-01,PBF,36.99,37.02,35.46,35.68,3343784.0,35.68,36.83
1004,2023-07-03,PBF,41.42,41.45,40.57,40.57,1423935.0,40.57,41.1
1005,2023-08-01,PBF,47.23,48.2778,47.06,48.09,1612511.0,48.0,47.56
1006,2023-09-01,PBF,47.91,49.56,47.39,49.11,1855640.0,49.11,47.8
1007,2023-10-02,PBF,53.74,53.87,51.92,52.25,1784485.0,52.25,53.81
1008,2023-11-01,PBF,47.61,48.87,46.78,48.2,2190392.0,49.0,47.52
1009,2023-12-01,PBF,44.21,45.75,44.08,45.11,1675729.0,45.11,43.51
1010,2023-01-03,NKE,118.55,119.49,117.44,118.75,8108770.0,118.75,118.4
1011,2023-02-01,NKE,127.9,130.22,126.22,129.5,6387919.0,129.93,127.02
1012,2023-03-01,NKE,117.95,119.79,117.83,118.58,4120488.0,118.08,119.37
1013,2023-04-03,NKE,122.5,122.85,120.82,121.67,4838399.0,121.26,122.0
1014,2023-05-01,NKE,126.92,128.68,126.86,127.92,4112782.0,127.91,126.47
1015,2023-06-01,NKE,104.18,104.6,102.9,103.63,12025210.0,105.75,106.08
1016,2023-07-03,NKE,111.06,111.3,109.11,109.11,5734199.0,109.24,110.55
1017,2023-08-01,NKE,110.0,110.53,109.135,109.4,4567383.0,109.05,110.17
1018,2023-09-01,NKE,101.97,102.96,101.52,102.36,6235599.0,102.59,101.59
1019,2023-10-02,NKE,96.2,96.38,93.73,94.56,12776338.0,94.56,96.45
1020,2023-11-01,NKE,102.55,102.67,99.9688,100.88,7272370.0,100.98,102.45
1021,2023-12-01,NKE,110.33,113.55,109.75,113.48,8031165.0,113.48,109.93
1022,2023-01-03,BBY,80.93,80.93,78.63,80.41,2542157.0,80.2801,80.6
1023,2023-02-01,BBY,88.26,90.125,86.23,89.65,2689709.0,90.03,88.71
1024,2023-03-01,BBY,82.27,83.12,81.7,82.54,3240996.0,83.2,83.0
1025,2023-04-03,BBY,78.23,79.12,77.5388,78.51,2220825.0,78.67,78.294
1026,2023-05-01,BBY,74.65,74.98,73.44,73.65,1985137.0,73.65,74.65
1027,2023-06-01,BBY,72.34,73.2,70.391,72.9,2343891.0,73.0,72.34
1028,2023-07-03,BBY,82.19,82.58,81.685,82.17,1359980.0,82.17,81.9
1029,2023-08-01,BBY,83.02,83.35,82.45,82.77,1958219.0,82.77,82.75
1030,2023-09-01,BBY,76.69,76.88,74.64,75.27,2610045.0,75.0,76.14
1031,2023-10-02,BBY,69.55,69.84,68.75,69.09,2143536.0,68.95,69.3
1032,2023-11-01,BBY,66.67,66.7,65.01,65.97,1989814.0,65.97,66.85
1033,2023-12-01,BBY,70.965,73.5,70.78,73.42,3064919.0,73.6,70.94
1034,2023-01-03,BMY,71.76,72.965,71.68,72.26,7792470.0,72.25,72.05
1035,2023-02-01,BMY,72.94,72.94,70.81,71.23,10727712.0,71.3,72.38
1036,2023-03-01,BMY,68.7,69.785,68.6102,69.36,5883378.0,69.6,69.11
1037,2023-04-03,BMY,69.03,70.005,68.67,69.69,7333975.0,69.7,69.16
1038,2023-05-01,BMY,67.28,68.74,67.26,68.4,10034010.0,68.4,66.83
1039,2023-06-01,BMY,64.46,64.7274,63.78,64.68,8697264.0,64.68,64.72
1040,2023-07-03,BMY,63.94,64.905,63.4403,64.43,4832500.0,64.55,64.17
1041,2023-08-01,BMY,62.32,62.57,61.18,61.53,9228108.0,61.45,62.32
1042,2023-09-01,BMY,61.83,62.395,61.83,62.02,6838840.0,62.03,61.89
1043,2023-10-02,BMY,58.01,58.06,57.15,57.85,8865324.0,57.94,58.23
1044,2023-11-01,BMY,51.86,51.905,51.17,51.28,11280806.0,51.32,52.09
1045,2023-12-01,BMY,49.4,50.18,48.93,50.1,12781203.0,50.14,49.7
1046,2023-01-03,UAL,38.22,38.25,36.815,37.21,8149601.0,37.25,38.0
1047,2023-02-01,UAL,48.84,50.26,48.2768,50.22,7826555.0,50.34,48.89
1048,2023-03-01,UAL,51.67,52.54,51.52,52.39,4876098.0,52.41,51.15
1049,2023-04-03,UAL,43.68,43.76,42.71,43.35,7304230.0,43.3,43.98
1050,2023-05-01,UAL,43.66,44.8399,43.28,44.41,6253793.0,44.3,43.8
1051,2023-06-01,UAL,47.35,48.29,47.05,47.41,4985455.0,47.47,47.56
1052,2023-07-03,UAL,54.49,55.3,54.39,55.06,3226264.0,55.0,55.0
1053,2023-08-01,UAL,53.55,53.62,52.26,53.26,6176941.0,52.67,54.0
1054,2023-09-01,UAL,50.13,50.16,49.12,49.72,3266655.0,49.63,49.93
1055,2023-10-02,UAL,42.32,42.6,41.44,41.62,6398867.0,41.62,42.4
1056,2023-11-01,UAL,35.01,35.36,34.49,34.81,8360965.0,35.01,34.9
1057,2023-12-01,UAL,39.48,40.365,39.175,40.24,10633758.0,40.35,39.65
1058,2023-01-03,TMO,553.29,556.1,546.965,553.18,1785799.0,553.18,548.14
1059,2023-02-01,TMO,586.09,597.54,576.33,587.36,2627510.0,586.5,582.21
1060,2023-03-01,TMO,539.34,542.62,536.26,538.52,1126064.0,538.52,539.34
1061,2023-04-03,TMO,569.51,573.11,566.12,570.07,1034443.0,570.07,569.51
1062,2023-05-01,TMO,555.99,556.81,545.31,548.5,1979848.0,548.7,555.99
1063,2023-06-01,TMO,513.13,521.65,508.51,519.38,1830212.0,518.85,513.13
1064,2023-07-03,TMO,519.34,521.26,515.36,519.11,616164.0,519.11,519.34
1065,2023-08-01,TMO,546.53,550.7,542.66,545.84,1517491.0,545.84,546.53
1066,2023-09-01,TMO,563.45,565.86,556.82,557.22,1015534.0,558.0,562.0
1067,2023-10-02,TMO,503.08,506.99,490.68,495.79,1652154.0,495.79,506.0
1068,2023-11-01,TMO,445.13,445.13,434.0,441.11,2275452.0,441.11,444.6
1069,2023-12-01,TMO,490.88,499.2,489.6,496.13,1219795.0,496.0,490.88
1070,2023-01-03,QCOM,111.35,111.74,107.13,107.2,8110390.0,107.39,111.64
1071,2023-02-01,QCOM,132.68,139.94,132.68,138.46,10500604.0,138.4,132.52
1072,2023-03-01,QCOM,123.78,125.47,122.98,123.68,5530594.0,124.31,123.5
1073,2023-04-03,QCOM,126.99,127.574,123.605,124.74,6359202.0,124.53,126.52
1074,2023-05-01,QCOM,117.21,117.58,115.51,115.84,6189285.0,115.7,116.8
1075,2023-06-01,QCOM,114.56,116.56,112.31,115.83,8616527.0,116.0,112.94
1076,2023-07-03,QCOM,119.27,120.48,118.46,120.09,2662001.0,119.71,119.14
1077,2023-08-01,QCOM,131.92,132.39,130.24,132.08,7145569.0,132.04,132.01
1078,2023-09-01,QCOM,115.7,115.7,114.41,115.385,5310734.0,115.25,114.53
1079,2023-10-02,QCOM,110.4,111.79,109.6,111.1,5751530.0,111.11,111.65
1080,2023-11-01,QCOM,109.17,111.19,108.7,110.89,12809871.0,115.14,108.81
1081,2023-12-01,QCOM,129.06,130.27,128.51,129.67,8866491.0,130.0,129.1
1082,2023-01-03,ABT,110.51,111.33,108.75,109.58,4171957.0,109.58,110.8
1083,2023-02-01,ABT,110.78,112.085,109.67,111.82,4532383.0,111.82,110.53
1084,2023-03-01,ABT,100.7,101.36,100.39,100.83,3963575.0,100.83,101.82
1085,2023-04-03,ABT,100.8,101.66,100.04,101.59,5432562.0,101.58,101.49
1086,2023-05-01,ABT,110.46,111.57,109.93,111.11,3722880.0,111.0,110.46
1087,2023-06-01,ABT,101.91,102.9,100.91,102.82,4603956.0,102.82,102.06
1088,2023-07-03,ABT,108.25,108.48,107.03,107.22,2267993.0,107.5,108.66
1089,2023-08-01,ABT,110.71,111.25,110.3,110.53,3736346.0,110.53,110.98
1090,2023-09-01,ABT,103.4,103.789,102.56,102.85,2641127.0,102.39,103.4
1091,2023-10-02,ABT,95.76,95.89,94.53,95.73,4349291.0,95.6,97.15
1092,2023-11-01,ABT,94.85,95.99,94.56,95.01,6985003.0,94.95,94.0
1093,2023-12-01,ABT,104.22,104.98,103.9,104.88,4682345.0,104.88,104.2
1094,2023-01-03,KO,63.56,63.56,62.175,62.95,12180507.0,63.0,64.01
1095,2023-02-01,KO,61.14,61.58,60.62,61.33,12535439.0,61.5,61.24
1096,2023-03-01,KO,59.13,59.18,58.37,58.86,13275810.0,58.9,59.59
1097,2023-04-03,KO,62.3,62.52,61.86,62.4,12300660.0,62.4,61.96
1098,2023-05-01,KO,64.15,64.69,64.06,64.3,9091540.0,64.3,64.13
1099,2023-06-01,KO,59.94,60.165,59.77,60.0,13402678.0,59.99,59.7
1100,2023-07-03,KO,60.2,60.63,60.03,60.58,9694520.0,60.52,60.28
1101,2023-08-01,KO,62.09,62.36,61.62,61.77,9283438.0,61.7,61.93
1102,2023-09-01,KO,60.0,60.13,59.12,59.31,11262277.0,59.29,60.01
1103,2023-10-02,KO,55.91,56.009,55.075,55.48,11792502.0,55.44,56.15
1104,2023-11-01,KO,56.8,56.88,56.26,56.44,14110797.0,56.59,56.44
1105,2023-12-01,KO,58.27,58.685,58.24,58.64,15371153.0,58.67,58.36
1106,2023-01-03,ORCL,82.47,83.84,82.26,83.72,8997534.0,83.75,82.19
1107,2023-02-01,ORCL,88.37,90.645,88.21,90.05,6141252.0,90.01,87.0
1108,2023-03-01,ORCL,86.9,87.21,85.99,86.34,5119757.0,86.75,87.03
1109,2023-04-03,ORCL,92.38,94.0,92.09,93.92,8410872.0,94.0,92.5
1110,2023-05-01,ORCL,94.8,95.73,94.7,94.87,5459865.0,94.97,94.5
1111,2023-06-01,ORCL,104.88,106.61,104.78,105.99,7835885.0,106.0,105.35
1112,2023-07-03,ORCL,118.01,118.25,116.825,117.15,4284699.0,117.2,119.04
1113,2023-08-01,ORCL,116.92,118.04,116.475,117.91,5250652.0,117.3001,117.21
1114,2023-09-01,ORCL,121.01,121.69,120.09,120.93,6190045.0,120.98,121.0
1115,2023-10-02,ORCL,105.81,106.7347,105.29,106.71,5963457.0,106.7,106.65
1116,2023-11-01,ORCL,103.8,106.2,103.8,105.75,8602440.0,106.28,103.0
1117,2023-12-01,ORCL,116.07,117.35,115.26,117.16,5739833.0,117.3,115.95
1118,2023-01-03,NUE,131.81,133.4223,129.815,131.06,1653344.0,131.06,134.4608
1119,2023-02-01,NUE,167.75,175.75,166.1,174.98,2398016.0,173.0,167.75
1120,2023-03-01,NUE,170.45,172.79,169.125,170.74,1805094.0,170.76,170.49
1121,2023-04-03,NUE,153.63,156.33,153.0,154.45,1947208.0,154.3,154.39
1122,2023-05-01,NUE,148.95,149.935,147.68,148.01,915301.0,147.81,148.68
1123,2023-06-01,NUE,133.79,134.01,131.9,133.03,1498465.0,133.03,133.47
1124,2023-07-03,NUE,163.73,167.14,163.01,165.61,765545.0,165.7,164.21
1125,2023-08-01,NUE,169.64,173.58,168.94,173.0,1269070.0,171.93,170.02
1126,2023-09-01,NUE,173.99,174.92,171.32,172.58,977514.0,172.58,172.5
1127,2023-10-02,NUE,156.46,157.89,153.81,154.78,1460426.0,154.78,156.35
1128,2023-11-01,NUE,147.79,148.18,145.35,147.99,1724825.0,147.3,147.79
1129,2023-12-01,NUE,171.47,172.81,169.77,170.41,2038868.0,170.41,171.47
1130,2023-01-03,GD,247.85,249.41,246.32,248.6,777907.0,248.6,248.5
1131,2023-02-01,GD,231.2,232.83,228.5537,230.45,1137836.0,230.01,233.1646
1132,2023-03-01,GD,227.2,228.5,226.55,227.69,899086.0,227.69,227.5
1133,2023-04-03,GD,228.71,233.345,228.21,232.36,1027969.0,232.1,228.71
1134,2023-05-01,GD,218.05,220.42,218.0,218.13,1845444.0,218.13,218.05
1135,2023-06-01,GD,205.37,206.595,203.965,205.33,1137168.0,205.33,205.29
1136,2023-07-03,GD,214.46,216.93,214.23,215.78,475224.0,215.75,216.0
1137,2023-08-01,GD,223.36,225.48,223.27,225.34,1039927.0,225.0,223.36
1138,2023-09-01,GD,227.85,227.9407,225.63,226.37,568912.0,226.37,228.5687
1139,2023-10-02,GD,221.5,224.1099,221.33,222.93,1207461.0,222.93,221.0
1140,2023-11-01,GD,242.0,243.87,240.6342,242.7,1490484.0,242.75,242.0
1141,2023-12-01,GD,247.09,249.69,246.81,249.69,842922.0,249.69,247.09
1142,2023-01-03,COF,92.66,95.595,92.41,92.97,2619445.0,92.97,93.66
1143,2023-02-01,COF,113.0,117.7,111.93,116.33,6732358.0,116.33,117.88
1144,2023-03-01,COF,109.49,109.82,108.09,108.58,1976205.0,108.58,109.49
1145,2023-04-03,COF,96.05,97.3799,95.25,96.32,2060463.0,96.5,96.0
1146,2023-05-01,COF,97.29,97.478,92.85,93.17,3047517.0,93.17,97.0
1147,2023-06-01,COF,105.03,106.91,103.69,106.24,3424499.0,106.69,104.42
1148,2023-07-03,COF,109.47,111.49,109.2,111.05,826630.0,110.91,109.77
1149,2023-08-01,COF,116.25,116.92,115.27,116.48,2889658.0,116.07,116.87
1150,2023-09-01,COF,103.16,104.49,103.16,103.5,1556842.0,103.5,103.16
1151,2023-10-02,COF,96.87,97.5,94.65,95.12,2997762.0,97.05,96.85
1152,2023-11-01,COF,101.65,101.72,99.37,100.27,2186007.0,100.49,101.01
1153,2023-12-01,COF,111.34,115.14,111.34,113.93,3422261.0,113.89,111.5
1154,2023-01-03,DINO,51.41,52.13,49.22,49.65,1922866.0,49.65,51.41
1155,2023-02-01,DINO,56.69,57.209,53.82,54.65,2336655.0,54.65,56.69
1156,2023-03-01,DINO,49.65,51.63,49.46,51.51,4467609.0,51.51,49.52
1157,2023-04-03,DINO,50.33,50.33,47.94,48.69,5847034.0,48.45,49.6
1158,2023-05-01,DINO,43.99,44.45,43.4101,43.86,2503429.0,43.86,43.84
1159,2023-06-01,DINO,41.76,42.33,41.09,41.32,2232107.0,41.32,41.76
1160,2023-07-03,DINO,44.98,45.38,44.575,44.7,696666.0,44.7,44.98
1161,2023-08-01,DINO,51.89,52.635,51.75,52.33,1689081.0,52.63,51.89
1162,2023-09-01,DINO,56.09,57.48,55.72,56.88,1872223.0,56.89,55.41
1163,2023-10-02,DINO,57.29,57.39,55.64,56.4,1681950.0,56.4,57.29
1164,2023-11-01,DINO,55.38,56.87,54.68,55.77,2400277.0,55.77,55.38
1165,2023-12-01,DINO,52.43,54.82,52.35,54.34,5127384.0,54.34,52.43
1166,2023-01-03,DG,247.7,248.36,244.72,246.72,1812247.0,246.72,247.7
1167,2023-02-01,DG,232.6,237.14,230.902,235.61,1166201.0,235.14,232.6
1168,2023-03-01,DG,214.33,216.3,213.1,213.79,1934150.0,213.77,214.33
1169,2023-04-03,DG,211.42,213.02,209.28,211.87,2235083.0,211.87,210.46
1170,2023-05-01,DG,221.26,221.38,219.6,220.1,1140631.0,220.1,221.26
1171,2023-06-01,DG,178.92,179.2,159.12,161.86,18281111.0,162.05,201.0
1172,2023-07-03,DG,169.73,171.1629,168.23,170.57,1132905.0,171.0,171.0
1173,2023-08-01,DG,169.33,169.93,167.89,168.44,1179146.0,168.44,168.55
1174,2023-09-01,DG,136.55,136.59,128.58,130.27,10694875.0,130.27,136.75
1175,2023-10-02,DG,105.22,105.54,102.47,103.78,4503524.0,103.85,106.5
1176,2023-11-01,DG,119.15,119.82,116.08,116.36,3048305.0,116.37,118.5
1177,2023-12-01,DG,130.67,134.81,130.29,134.69,2860159.0,134.97,131.33